# ASTRAX zero gravity aircraft (MU-300) free area — bench_seat
# build_parts.py が実測値（実機サイズ表）から作る。単位はメートル。X=機首→機尾, Y=上, Z=機首を向いて左（右舷は-Z）
o Bench_Base
v 0.0000 0.0000 0.0000
v 1.3900 0.0000 0.0000
v 1.3900 0.0600 0.0000
v 0.0000 0.0600 0.0000
v 0.0000 0.0000 0.7000
v 1.3900 0.0000 0.7000
v 1.3900 0.0600 0.7000
v 0.0000 0.0600 0.7000
vt 0.0000 0.0600
vt 1.3900 0.0600
vt 1.3900 0.0000
vt 0.0000 0.0000
vt 0.0000 0.0000
vt 1.3900 0.0000
vt 1.3900 0.0600
vt 0.0000 0.0600
vt 0.0000 0.0000
vt 1.3900 0.0000
vt 1.3900 0.7000
vt 0.0000 0.7000
vt 1.3900 0.0000
vt 0.0000 0.0000
vt 0.0000 0.7000
vt 1.3900 0.7000
vt 0.0000 0.0000
vt 0.0000 0.0600
vt 0.7000 0.0600
vt 0.7000 0.0000
vt 0.7000 0.0000
vt 0.7000 0.0600
vt 0.0000 0.0600
vt 0.0000 0.0000
f 4/1 3/2 2/3 1/4
f 5/5 6/6 7/7 8/8
f 1/9 2/10 6/11 5/12
f 3/13 4/14 8/15 7/16
f 2/17 3/18 7/19 6/20
f 5/21 8/22 4/23 1/24
o Bench_Pan_1
v 0.2319 0.2900 0.5000
v 0.2319 0.2900 0.5002
v 0.2319 0.2900 0.5002
v 0.2319 0.2900 0.5002
v 0.2317 0.2900 0.5002
v 0.2314 0.2900 0.5002
v 0.2314 0.2900 0.5002
v 0.2314 0.2900 0.5002
v 0.2314 0.2900 0.5000
v 0.2314 0.2900 0.4998
v 0.2314 0.2900 0.4998
v 0.2314 0.2900 0.4998
v 0.2317 0.2900 0.4998
v 0.2319 0.2900 0.4998
v 0.2319 0.2900 0.4998
v 0.2319 0.2900 0.4998
v 0.4139 0.2905 0.5000
v 0.4114 0.2905 0.6415
v 0.4029 0.2905 0.6581
v 0.3850 0.2905 0.6659
v 0.2319 0.2905 0.6682
v 0.0783 0.2905 0.6659
v 0.0604 0.2905 0.6581
v 0.0520 0.2905 0.6415
v 0.0494 0.2905 0.5002
v 0.0520 0.2905 0.3585
v 0.0604 0.2905 0.3419
v 0.0783 0.2905 0.3341
v 0.2314 0.2905 0.3318
v 0.3850 0.2905 0.3341
v 0.4029 0.2905 0.3419
v 0.4114 0.2905 0.3585
v 0.4352 0.2923 0.5000
v 0.4323 0.2923 0.6581
v 0.4229 0.2923 0.6765
v 0.4029 0.2923 0.6852
v 0.2319 0.2923 0.6879
v 0.0604 0.2923 0.6852
v 0.0404 0.2923 0.6765
v 0.0310 0.2923 0.6581
v 0.0281 0.2923 0.5003
v 0.0310 0.2923 0.3419
v 0.0404 0.2923 0.3235
v 0.0604 0.2923 0.3148
v 0.2314 0.2923 0.3121
v 0.4029 0.2923 0.3148
v 0.4229 0.2923 0.3235
v 0.4323 0.2923 0.3419
v 0.4453 0.2960 0.5000
v 0.4422 0.2960 0.6659
v 0.4323 0.2960 0.6852
v 0.4114 0.2960 0.6944
v 0.2319 0.2960 0.6972
v 0.0520 0.2960 0.6944
v 0.0310 0.2960 0.6852
v 0.0211 0.2960 0.6659
v 0.0181 0.2960 0.5003
v 0.0211 0.2960 0.3341
v 0.0310 0.2960 0.3148
v 0.0520 0.2960 0.3056
v 0.2314 0.2960 0.3028
v 0.4114 0.2960 0.3056
v 0.4323 0.2960 0.3148
v 0.4422 0.2960 0.3341
v 0.4483 0.3275 0.5000
v 0.4453 0.3275 0.6682
v 0.4352 0.3275 0.6879
v 0.4139 0.3275 0.6972
v 0.2319 0.3275 0.7000
v 0.0494 0.3275 0.6972
v 0.0281 0.3275 0.6879
v 0.0181 0.3275 0.6682
v 0.0150 0.3275 0.5003
v 0.0181 0.3275 0.3318
v 0.0281 0.3275 0.3121
v 0.0494 0.3275 0.3028
v 0.2313 0.3275 0.3000
v 0.4139 0.3275 0.3028
v 0.4352 0.3275 0.3121
v 0.4453 0.3275 0.3318
v 0.4453 0.3590 0.5000
v 0.4422 0.3590 0.6659
v 0.4323 0.3590 0.6852
v 0.4114 0.3590 0.6944
v 0.2319 0.3590 0.6972
v 0.0520 0.3590 0.6944
v 0.0310 0.3590 0.6852
v 0.0211 0.3590 0.6659
v 0.0181 0.3590 0.5003
v 0.0211 0.3590 0.3341
v 0.0310 0.3590 0.3148
v 0.0520 0.3590 0.3056
v 0.2314 0.3590 0.3028
v 0.4114 0.3590 0.3056
v 0.4323 0.3590 0.3148
v 0.4422 0.3590 0.3341
v 0.4352 0.3627 0.5000
v 0.4323 0.3627 0.6581
v 0.4229 0.3627 0.6765
v 0.4029 0.3627 0.6852
v 0.2319 0.3627 0.6879
v 0.0604 0.3627 0.6852
v 0.0404 0.3627 0.6765
v 0.0310 0.3627 0.6581
v 0.0281 0.3627 0.5003
v 0.0310 0.3627 0.3419
v 0.0404 0.3627 0.3235
v 0.0604 0.3627 0.3148
v 0.2314 0.3627 0.3121
v 0.4029 0.3627 0.3148
v 0.4229 0.3627 0.3235
v 0.4323 0.3627 0.3419
v 0.4139 0.3645 0.5000
v 0.4114 0.3645 0.6415
v 0.4029 0.3645 0.6581
v 0.3850 0.3645 0.6659
v 0.2319 0.3645 0.6682
v 0.0783 0.3645 0.6659
v 0.0604 0.3645 0.6581
v 0.0520 0.3645 0.6415
v 0.0494 0.3645 0.5002
v 0.0520 0.3645 0.3585
v 0.0604 0.3645 0.3419
v 0.0783 0.3645 0.3341
v 0.2314 0.3645 0.3318
v 0.3850 0.3645 0.3341
v 0.4029 0.3645 0.3419
v 0.4114 0.3645 0.3585
v 0.2319 0.3650 0.5000
v 0.2319 0.3650 0.5002
v 0.2319 0.3650 0.5002
v 0.2319 0.3650 0.5002
v 0.2317 0.3650 0.5002
v 0.2314 0.3650 0.5002
v 0.2314 0.3650 0.5002
v 0.2314 0.3650 0.5002
v 0.2314 0.3650 0.5000
v 0.2314 0.3650 0.4998
v 0.2314 0.3650 0.4998
v 0.2314 0.3650 0.4998
v 0.2317 0.3650 0.4998
v 0.2319 0.3650 0.4998
v 0.2319 0.3650 0.4998
v 0.2319 0.3650 0.4998
vt 0.2319 0.5000
vt 0.4139 0.5000
vt 0.4114 0.6415
vt 0.2319 0.5002
vt 0.2319 0.5002
vt 0.4114 0.6415
vt 0.4029 0.6581
vt 0.2319 0.5002
vt 0.2319 0.5002
vt 0.4029 0.6581
vt 0.3850 0.6659
vt 0.2319 0.5002
vt 0.2319 0.5002
vt 0.3850 0.6659
vt 0.2319 0.6682
vt 0.2317 0.5002
vt 0.2317 0.5002
vt 0.2319 0.6682
vt 0.0783 0.6659
vt 0.2314 0.5002
vt 0.2314 0.5002
vt 0.0783 0.6659
vt 0.0604 0.6581
vt 0.2314 0.5002
vt 0.2314 0.5002
vt 0.0604 0.6581
vt 0.0520 0.6415
vt 0.2314 0.5002
vt 0.2314 0.5002
vt 0.0520 0.6415
vt 0.0494 0.5002
vt 0.2314 0.5000
vt 0.2314 0.5000
vt 0.0494 0.5002
vt 0.0520 0.3585
vt 0.2314 0.4998
vt 0.2314 0.4998
vt 0.0520 0.3585
vt 0.0604 0.3419
vt 0.2314 0.4998
vt 0.2314 0.4998
vt 0.0604 0.3419
vt 0.0783 0.3341
vt 0.2314 0.4998
vt 0.2314 0.4998
vt 0.0783 0.3341
vt 0.2314 0.3318
vt 0.2317 0.4998
vt 0.2317 0.4998
vt 0.2314 0.3318
vt 0.3850 0.3341
vt 0.2319 0.4998
vt 0.2319 0.4998
vt 0.3850 0.3341
vt 0.4029 0.3419
vt 0.2319 0.4998
vt 0.2319 0.4998
vt 0.4029 0.3419
vt 0.4114 0.3585
vt 0.2319 0.4998
vt 0.2319 0.4998
vt 0.4114 0.3585
vt 0.4139 0.5000
vt 0.2319 0.5000
vt 0.4139 0.5000
vt 0.4352 0.5000
vt 0.4323 0.6581
vt 0.4114 0.6415
vt 0.4114 0.6415
vt 0.4323 0.6581
vt 0.4229 0.6765
vt 0.4029 0.6581
vt 0.4029 0.6581
vt 0.4229 0.6765
vt 0.4029 0.6852
vt 0.3850 0.6659
vt 0.3850 0.6659
vt 0.4029 0.6852
vt 0.2319 0.6879
vt 0.2319 0.6682
vt 0.2319 0.6682
vt 0.2319 0.6879
vt 0.0604 0.6852
vt 0.0783 0.6659
vt 0.0783 0.6659
vt 0.0604 0.6852
vt 0.0404 0.6765
vt 0.0604 0.6581
vt 0.0604 0.6581
vt 0.0404 0.6765
vt 0.0310 0.6581
vt 0.0520 0.6415
vt 0.0520 0.6415
vt 0.0310 0.6581
vt 0.0281 0.5003
vt 0.0494 0.5002
vt 0.0494 0.5002
vt 0.0281 0.5003
vt 0.0310 0.3419
vt 0.0520 0.3585
vt 0.0520 0.3585
vt 0.0310 0.3419
vt 0.0404 0.3235
vt 0.0604 0.3419
vt 0.0604 0.3419
vt 0.0404 0.3235
vt 0.0604 0.3148
vt 0.0783 0.3341
vt 0.0783 0.3341
vt 0.0604 0.3148
vt 0.2314 0.3121
vt 0.2314 0.3318
vt 0.2314 0.3318
vt 0.2314 0.3121
vt 0.4029 0.3148
vt 0.3850 0.3341
vt 0.3850 0.3341
vt 0.4029 0.3148
vt 0.4229 0.3235
vt 0.4029 0.3419
vt 0.4029 0.3419
vt 0.4229 0.3235
vt 0.4323 0.3419
vt 0.4114 0.3585
vt 0.4114 0.3585
vt 0.4323 0.3419
vt 0.4352 0.5000
vt 0.4139 0.5000
vt 0.4352 0.5000
vt 0.4453 0.5000
vt 0.4422 0.6659
vt 0.4323 0.6581
vt 0.4323 0.6581
vt 0.4422 0.6659
vt 0.4323 0.6852
vt 0.4229 0.6765
vt 0.4229 0.6765
vt 0.4323 0.6852
vt 0.4114 0.6944
vt 0.4029 0.6852
vt 0.4029 0.6852
vt 0.4114 0.6944
vt 0.2319 0.6972
vt 0.2319 0.6879
vt 0.2319 0.6879
vt 0.2319 0.6972
vt 0.0520 0.6944
vt 0.0604 0.6852
vt 0.0604 0.6852
vt 0.0520 0.6944
vt 0.0310 0.6852
vt 0.0404 0.6765
vt 0.0404 0.6765
vt 0.0310 0.6852
vt 0.0211 0.6659
vt 0.0310 0.6581
vt 0.0310 0.6581
vt 0.0211 0.6659
vt 0.0181 0.5003
vt 0.0281 0.5003
vt 0.0281 0.5003
vt 0.0181 0.5003
vt 0.0211 0.3341
vt 0.0310 0.3419
vt 0.0310 0.3419
vt 0.0211 0.3341
vt 0.0310 0.3148
vt 0.0404 0.3235
vt 0.0404 0.3235
vt 0.0310 0.3148
vt 0.0520 0.3056
vt 0.0604 0.3148
vt 0.0604 0.3148
vt 0.0520 0.3056
vt 0.2314 0.3028
vt 0.2314 0.3121
vt 0.2314 0.3121
vt 0.2314 0.3028
vt 0.4114 0.3056
vt 0.4029 0.3148
vt 0.4029 0.3148
vt 0.4114 0.3056
vt 0.4323 0.3148
vt 0.4229 0.3235
vt 0.4229 0.3235
vt 0.4323 0.3148
vt 0.4422 0.3341
vt 0.4323 0.3419
vt 0.4323 0.3419
vt 0.4422 0.3341
vt 0.4453 0.5000
vt 0.4352 0.5000
vt 0.5000 0.2960
vt 0.5000 0.3275
vt 0.6682 0.3275
vt 0.6659 0.2960
vt 0.6659 0.2960
vt 0.6682 0.3275
vt 0.6879 0.3275
vt 0.6852 0.2960
vt 0.4323 0.2960
vt 0.4352 0.3275
vt 0.4139 0.3275
vt 0.4114 0.2960
vt 0.4114 0.2960
vt 0.4139 0.3275
vt 0.2319 0.3275
vt 0.2319 0.2960
vt 0.2319 0.2960
vt 0.2319 0.3275
vt 0.0494 0.3275
vt 0.0520 0.2960
vt 0.0520 0.2960
vt 0.0494 0.3275
vt 0.0281 0.3275
vt 0.0310 0.2960
vt 0.6852 0.2960
vt 0.6879 0.3275
vt 0.6682 0.3275
vt 0.6659 0.2960
vt 0.6659 0.2960
vt 0.6682 0.3275
vt 0.5003 0.3275
vt 0.5003 0.2960
vt 0.5003 0.2960
vt 0.5003 0.3275
vt 0.3318 0.3275
vt 0.3341 0.2960
vt 0.3341 0.2960
vt 0.3318 0.3275
vt 0.3121 0.3275
vt 0.3148 0.2960
vt 0.0310 0.2960
vt 0.0281 0.3275
vt 0.0494 0.3275
vt 0.0520 0.2960
vt 0.0520 0.2960
vt 0.0494 0.3275
vt 0.2313 0.3275
vt 0.2314 0.2960
vt 0.2314 0.2960
vt 0.2313 0.3275
vt 0.4139 0.3275
vt 0.4114 0.2960
vt 0.4114 0.2960
vt 0.4139 0.3275
vt 0.4352 0.3275
vt 0.4323 0.2960
vt 0.3148 0.2960
vt 0.3121 0.3275
vt 0.3318 0.3275
vt 0.3341 0.2960
vt 0.3341 0.2960
vt 0.3318 0.3275
vt 0.5000 0.3275
vt 0.5000 0.2960
vt 0.5000 0.3275
vt 0.5000 0.3590
vt 0.6659 0.3590
vt 0.6682 0.3275
vt 0.6682 0.3275
vt 0.6659 0.3590
vt 0.6852 0.3590
vt 0.6879 0.3275
vt 0.4352 0.3275
vt 0.4323 0.3590
vt 0.4114 0.3590
vt 0.4139 0.3275
vt 0.4139 0.3275
vt 0.4114 0.3590
vt 0.2319 0.3590
vt 0.2319 0.3275
vt 0.2319 0.3275
vt 0.2319 0.3590
vt 0.0520 0.3590
vt 0.0494 0.3275
vt 0.0494 0.3275
vt 0.0520 0.3590
vt 0.0310 0.3590
vt 0.0281 0.3275
vt 0.6879 0.3275
vt 0.6852 0.3590
vt 0.6659 0.3590
vt 0.6682 0.3275
vt 0.6682 0.3275
vt 0.6659 0.3590
vt 0.5003 0.3590
vt 0.5003 0.3275
vt 0.5003 0.3275
vt 0.5003 0.3590
vt 0.3341 0.3590
vt 0.3318 0.3275
vt 0.3318 0.3275
vt 0.3341 0.3590
vt 0.3148 0.3590
vt 0.3121 0.3275
vt 0.0281 0.3275
vt 0.0310 0.3590
vt 0.0520 0.3590
vt 0.0494 0.3275
vt 0.0494 0.3275
vt 0.0520 0.3590
vt 0.2314 0.3590
vt 0.2313 0.3275
vt 0.2313 0.3275
vt 0.2314 0.3590
vt 0.4114 0.3590
vt 0.4139 0.3275
vt 0.4139 0.3275
vt 0.4114 0.3590
vt 0.4323 0.3590
vt 0.4352 0.3275
vt 0.3121 0.3275
vt 0.3148 0.3590
vt 0.3341 0.3590
vt 0.3318 0.3275
vt 0.3318 0.3275
vt 0.3341 0.3590
vt 0.5000 0.3590
vt 0.5000 0.3275
vt 0.4453 0.5000
vt 0.4352 0.5000
vt 0.4323 0.6581
vt 0.4422 0.6659
vt 0.4422 0.6659
vt 0.4323 0.6581
vt 0.4229 0.6765
vt 0.4323 0.6852
vt 0.4323 0.6852
vt 0.4229 0.6765
vt 0.4029 0.6852
vt 0.4114 0.6944
vt 0.4114 0.6944
vt 0.4029 0.6852
vt 0.2319 0.6879
vt 0.2319 0.6972
vt 0.2319 0.6972
vt 0.2319 0.6879
vt 0.0604 0.6852
vt 0.0520 0.6944
vt 0.0520 0.6944
vt 0.0604 0.6852
vt 0.0404 0.6765
vt 0.0310 0.6852
vt 0.0310 0.6852
vt 0.0404 0.6765
vt 0.0310 0.6581
vt 0.0211 0.6659
vt 0.0211 0.6659
vt 0.0310 0.6581
vt 0.0281 0.5003
vt 0.0181 0.5003
vt 0.0181 0.5003
vt 0.0281 0.5003
vt 0.0310 0.3419
vt 0.0211 0.3341
vt 0.0211 0.3341
vt 0.0310 0.3419
vt 0.0404 0.3235
vt 0.0310 0.3148
vt 0.0310 0.3148
vt 0.0404 0.3235
vt 0.0604 0.3148
vt 0.0520 0.3056
vt 0.0520 0.3056
vt 0.0604 0.3148
vt 0.2314 0.3121
vt 0.2314 0.3028
vt 0.2314 0.3028
vt 0.2314 0.3121
vt 0.4029 0.3148
vt 0.4114 0.3056
vt 0.4114 0.3056
vt 0.4029 0.3148
vt 0.4229 0.3235
vt 0.4323 0.3148
vt 0.4323 0.3148
vt 0.4229 0.3235
vt 0.4323 0.3419
vt 0.4422 0.3341
vt 0.4422 0.3341
vt 0.4323 0.3419
vt 0.4352 0.5000
vt 0.4453 0.5000
vt 0.4352 0.5000
vt 0.4139 0.5000
vt 0.4114 0.6415
vt 0.4323 0.6581
vt 0.4323 0.6581
vt 0.4114 0.6415
vt 0.4029 0.6581
vt 0.4229 0.6765
vt 0.4229 0.6765
vt 0.4029 0.6581
vt 0.3850 0.6659
vt 0.4029 0.6852
vt 0.4029 0.6852
vt 0.3850 0.6659
vt 0.2319 0.6682
vt 0.2319 0.6879
vt 0.2319 0.6879
vt 0.2319 0.6682
vt 0.0783 0.6659
vt 0.0604 0.6852
vt 0.0604 0.6852
vt 0.0783 0.6659
vt 0.0604 0.6581
vt 0.0404 0.6765
vt 0.0404 0.6765
vt 0.0604 0.6581
vt 0.0520 0.6415
vt 0.0310 0.6581
vt 0.0310 0.6581
vt 0.0520 0.6415
vt 0.0494 0.5002
vt 0.0281 0.5003
vt 0.0281 0.5003
vt 0.0494 0.5002
vt 0.0520 0.3585
vt 0.0310 0.3419
vt 0.0310 0.3419
vt 0.0520 0.3585
vt 0.0604 0.3419
vt 0.0404 0.3235
vt 0.0404 0.3235
vt 0.0604 0.3419
vt 0.0783 0.3341
vt 0.0604 0.3148
vt 0.0604 0.3148
vt 0.0783 0.3341
vt 0.2314 0.3318
vt 0.2314 0.3121
vt 0.2314 0.3121
vt 0.2314 0.3318
vt 0.3850 0.3341
vt 0.4029 0.3148
vt 0.4029 0.3148
vt 0.3850 0.3341
vt 0.4029 0.3419
vt 0.4229 0.3235
vt 0.4229 0.3235
vt 0.4029 0.3419
vt 0.4114 0.3585
vt 0.4323 0.3419
vt 0.4323 0.3419
vt 0.4114 0.3585
vt 0.4139 0.5000
vt 0.4352 0.5000
vt 0.4139 0.5000
vt 0.2319 0.5000
vt 0.2319 0.5002
vt 0.4114 0.6415
vt 0.4114 0.6415
vt 0.2319 0.5002
vt 0.2319 0.5002
vt 0.4029 0.6581
vt 0.4029 0.6581
vt 0.2319 0.5002
vt 0.2319 0.5002
vt 0.3850 0.6659
vt 0.3850 0.6659
vt 0.2319 0.5002
vt 0.2317 0.5002
vt 0.2319 0.6682
vt 0.2319 0.6682
vt 0.2317 0.5002
vt 0.2314 0.5002
vt 0.0783 0.6659
vt 0.0783 0.6659
vt 0.2314 0.5002
vt 0.2314 0.5002
vt 0.0604 0.6581
vt 0.0604 0.6581
vt 0.2314 0.5002
vt 0.2314 0.5002
vt 0.0520 0.6415
vt 0.0520 0.6415
vt 0.2314 0.5002
vt 0.2314 0.5000
vt 0.0494 0.5002
vt 0.0494 0.5002
vt 0.2314 0.5000
vt 0.2314 0.4998
vt 0.0520 0.3585
vt 0.0520 0.3585
vt 0.2314 0.4998
vt 0.2314 0.4998
vt 0.0604 0.3419
vt 0.0604 0.3419
vt 0.2314 0.4998
vt 0.2314 0.4998
vt 0.0783 0.3341
vt 0.0783 0.3341
vt 0.2314 0.4998
vt 0.2317 0.4998
vt 0.2314 0.3318
vt 0.2314 0.3318
vt 0.2317 0.4998
vt 0.2319 0.4998
vt 0.3850 0.3341
vt 0.3850 0.3341
vt 0.2319 0.4998
vt 0.2319 0.4998
vt 0.4029 0.3419
vt 0.4029 0.3419
vt 0.2319 0.4998
vt 0.2319 0.4998
vt 0.4114 0.3585
vt 0.4114 0.3585
vt 0.2319 0.4998
vt 0.2319 0.5000
vt 0.4139 0.5000
f 9/25 25/26 26/27 10/28
f 10/29 26/30 27/31 11/32
f 11/33 27/34 28/35 12/36
f 12/37 28/38 29/39 13/40
f 13/41 29/42 30/43 14/44
f 14/45 30/46 31/47 15/48
f 15/49 31/50 32/51 16/52
f 16/53 32/54 33/55 17/56
f 17/57 33/58 34/59 18/60
f 18/61 34/62 35/63 19/64
f 19/65 35/66 36/67 20/68
f 20/69 36/70 37/71 21/72
f 21/73 37/74 38/75 22/76
f 22/77 38/78 39/79 23/80
f 23/81 39/82 40/83 24/84
f 24/85 40/86 25/87 9/88
f 25/89 41/90 42/91 26/92
f 26/93 42/94 43/95 27/96
f 27/97 43/98 44/99 28/100
f 28/101 44/102 45/103 29/104
f 29/105 45/106 46/107 30/108
f 30/109 46/110 47/111 31/112
f 31/113 47/114 48/115 32/116
f 32/117 48/118 49/119 33/120
f 33/121 49/122 50/123 34/124
f 34/125 50/126 51/127 35/128
f 35/129 51/130 52/131 36/132
f 36/133 52/134 53/135 37/136
f 37/137 53/138 54/139 38/140
f 38/141 54/142 55/143 39/144
f 39/145 55/146 56/147 40/148
f 40/149 56/150 41/151 25/152
f 41/153 57/154 58/155 42/156
f 42/157 58/158 59/159 43/160
f 43/161 59/162 60/163 44/164
f 44/165 60/166 61/167 45/168
f 45/169 61/170 62/171 46/172
f 46/173 62/174 63/175 47/176
f 47/177 63/178 64/179 48/180
f 48/181 64/182 65/183 49/184
f 49/185 65/186 66/187 50/188
f 50/189 66/190 67/191 51/192
f 51/193 67/194 68/195 52/196
f 52/197 68/198 69/199 53/200
f 53/201 69/202 70/203 54/204
f 54/205 70/206 71/207 55/208
f 55/209 71/210 72/211 56/212
f 56/213 72/214 57/215 41/216
f 57/217 73/218 74/219 58/220
f 58/221 74/222 75/223 59/224
f 59/225 75/226 76/227 60/228
f 60/229 76/230 77/231 61/232
f 61/233 77/234 78/235 62/236
f 62/237 78/238 79/239 63/240
f 63/241 79/242 80/243 64/244
f 64/245 80/246 81/247 65/248
f 65/249 81/250 82/251 66/252
f 66/253 82/254 83/255 67/256
f 67/257 83/258 84/259 68/260
f 68/261 84/262 85/263 69/264
f 69/265 85/266 86/267 70/268
f 70/269 86/270 87/271 71/272
f 71/273 87/274 88/275 72/276
f 72/277 88/278 73/279 57/280
f 73/281 89/282 90/283 74/284
f 74/285 90/286 91/287 75/288
f 75/289 91/290 92/291 76/292
f 76/293 92/294 93/295 77/296
f 77/297 93/298 94/299 78/300
f 78/301 94/302 95/303 79/304
f 79/305 95/306 96/307 80/308
f 80/309 96/310 97/311 81/312
f 81/313 97/314 98/315 82/316
f 82/317 98/318 99/319 83/320
f 83/321 99/322 100/323 84/324
f 84/325 100/326 101/327 85/328
f 85/329 101/330 102/331 86/332
f 86/333 102/334 103/335 87/336
f 87/337 103/338 104/339 88/340
f 88/341 104/342 89/343 73/344
f 89/345 105/346 106/347 90/348
f 90/349 106/350 107/351 91/352
f 91/353 107/354 108/355 92/356
f 92/357 108/358 109/359 93/360
f 93/361 109/362 110/363 94/364
f 94/365 110/366 111/367 95/368
f 95/369 111/370 112/371 96/372
f 96/373 112/374 113/375 97/376
f 97/377 113/378 114/379 98/380
f 98/381 114/382 115/383 99/384
f 99/385 115/386 116/387 100/388
f 100/389 116/390 117/391 101/392
f 101/393 117/394 118/395 102/396
f 102/397 118/398 119/399 103/400
f 103/401 119/402 120/403 104/404
f 104/405 120/406 105/407 89/408
f 105/409 121/410 122/411 106/412
f 106/413 122/414 123/415 107/416
f 107/417 123/418 124/419 108/420
f 108/421 124/422 125/423 109/424
f 109/425 125/426 126/427 110/428
f 110/429 126/430 127/431 111/432
f 111/433 127/434 128/435 112/436
f 112/437 128/438 129/439 113/440
f 113/441 129/442 130/443 114/444
f 114/445 130/446 131/447 115/448
f 115/449 131/450 132/451 116/452
f 116/453 132/454 133/455 117/456
f 117/457 133/458 134/459 118/460
f 118/461 134/462 135/463 119/464
f 119/465 135/466 136/467 120/468
f 120/469 136/470 121/471 105/472
f 121/473 137/474 138/475 122/476
f 122/477 138/478 139/479 123/480
f 123/481 139/482 140/483 124/484
f 124/485 140/486 141/487 125/488
f 125/489 141/490 142/491 126/492
f 126/493 142/494 143/495 127/496
f 127/497 143/498 144/499 128/500
f 128/501 144/502 145/503 129/504
f 129/505 145/506 146/507 130/508
f 130/509 146/510 147/511 131/512
f 131/513 147/514 148/515 132/516
f 132/517 148/518 149/519 133/520
f 133/521 149/522 150/523 134/524
f 134/525 150/526 151/527 135/528
f 135/529 151/530 152/531 136/532
f 136/533 152/534 137/535 121/536
o Bench_Belt_1_Left
v 0.0473 0.3670 0.5489
v 0.0627 0.3670 0.5911
v 0.0627 0.3710 0.5911
v 0.0473 0.3710 0.5489
v 0.0679 0.3670 0.5414
v 0.0833 0.3670 0.5836
v 0.0833 0.3710 0.5836
v 0.0679 0.3710 0.5414
v 0.0885 0.3670 0.5339
v 0.1039 0.3670 0.5761
v 0.1039 0.3710 0.5761
v 0.0885 0.3710 0.5339
v 0.1090 0.3670 0.5264
v 0.1245 0.3670 0.5686
v 0.1245 0.3710 0.5686
v 0.1090 0.3710 0.5264
v 0.1296 0.3670 0.5189
v 0.1450 0.3670 0.5611
v 0.1450 0.3710 0.5611
v 0.1296 0.3710 0.5189
v 0.1502 0.3670 0.5114
v 0.1656 0.3670 0.5536
v 0.1656 0.3710 0.5536
v 0.1502 0.3710 0.5114
v 0.1708 0.3670 0.5039
v 0.1862 0.3670 0.5461
v 0.1862 0.3710 0.5461
v 0.1708 0.3710 0.5039
v 0.1914 0.3670 0.4964
v 0.2068 0.3670 0.5386
v 0.2068 0.3710 0.5386
v 0.1914 0.3710 0.4964
v 0.2120 0.3670 0.4889
v 0.2274 0.3670 0.5311
v 0.2274 0.3710 0.5311
v 0.2120 0.3710 0.4889
vt 0.0679 0.5414
vt 0.0833 0.5836
vt 0.0627 0.5911
vt 0.0473 0.5489
vt 0.0833 0.3670
vt 0.0833 0.3710
vt 0.0627 0.3710
vt 0.0627 0.3670
vt 0.0833 0.5836
vt 0.0679 0.5414
vt 0.0473 0.5489
vt 0.0627 0.5911
vt 0.0679 0.3710
vt 0.0679 0.3670
vt 0.0473 0.3670
vt 0.0473 0.3710
vt 0.0885 0.5339
vt 0.1039 0.5761
vt 0.0833 0.5836
vt 0.0679 0.5414
vt 0.1039 0.3670
vt 0.1039 0.3710
vt 0.0833 0.3710
vt 0.0833 0.3670
vt 0.1039 0.5761
vt 0.0885 0.5339
vt 0.0679 0.5414
vt 0.0833 0.5836
vt 0.0885 0.3710
vt 0.0885 0.3670
vt 0.0679 0.3670
vt 0.0679 0.3710
vt 0.1090 0.5264
vt 0.1245 0.5686
vt 0.1039 0.5761
vt 0.0885 0.5339
vt 0.1245 0.3670
vt 0.1245 0.3710
vt 0.1039 0.3710
vt 0.1039 0.3670
vt 0.1245 0.5686
vt 0.1090 0.5264
vt 0.0885 0.5339
vt 0.1039 0.5761
vt 0.1090 0.3710
vt 0.1090 0.3670
vt 0.0885 0.3670
vt 0.0885 0.3710
vt 0.1296 0.5189
vt 0.1450 0.5611
vt 0.1245 0.5686
vt 0.1090 0.5264
vt 0.1450 0.3670
vt 0.1450 0.3710
vt 0.1245 0.3710
vt 0.1245 0.3670
vt 0.1450 0.5611
vt 0.1296 0.5189
vt 0.1090 0.5264
vt 0.1245 0.5686
vt 0.1296 0.3710
vt 0.1296 0.3670
vt 0.1090 0.3670
vt 0.1090 0.3710
vt 0.1502 0.5114
vt 0.1656 0.5536
vt 0.1450 0.5611
vt 0.1296 0.5189
vt 0.1656 0.3670
vt 0.1656 0.3710
vt 0.1450 0.3710
vt 0.1450 0.3670
vt 0.1656 0.5536
vt 0.1502 0.5114
vt 0.1296 0.5189
vt 0.1450 0.5611
vt 0.1502 0.3710
vt 0.1502 0.3670
vt 0.1296 0.3670
vt 0.1296 0.3710
vt 0.1708 0.5039
vt 0.1862 0.5461
vt 0.1656 0.5536
vt 0.1502 0.5114
vt 0.1862 0.3670
vt 0.1862 0.3710
vt 0.1656 0.3710
vt 0.1656 0.3670
vt 0.1862 0.5461
vt 0.1708 0.5039
vt 0.1502 0.5114
vt 0.1656 0.5536
vt 0.1708 0.3710
vt 0.1708 0.3670
vt 0.1502 0.3670
vt 0.1502 0.3710
vt 0.1914 0.4964
vt 0.2068 0.5386
vt 0.1862 0.5461
vt 0.1708 0.5039
vt 0.2068 0.3670
vt 0.2068 0.3710
vt 0.1862 0.3710
vt 0.1862 0.3670
vt 0.2068 0.5386
vt 0.1914 0.4964
vt 0.1708 0.5039
vt 0.1862 0.5461
vt 0.1914 0.3710
vt 0.1914 0.3670
vt 0.1708 0.3670
vt 0.1708 0.3710
vt 0.2120 0.4889
vt 0.2274 0.5311
vt 0.2068 0.5386
vt 0.1914 0.4964
vt 0.2274 0.3670
vt 0.2274 0.3710
vt 0.2068 0.3710
vt 0.2068 0.3670
vt 0.2274 0.5311
vt 0.2120 0.4889
vt 0.1914 0.4964
vt 0.2068 0.5386
vt 0.2120 0.3710
vt 0.2120 0.3670
vt 0.1914 0.3670
vt 0.1914 0.3710
vt 0.5489 0.3710
vt 0.5911 0.3710
vt 0.5911 0.3670
vt 0.5489 0.3670
vt 0.4889 0.3670
vt 0.5311 0.3670
vt 0.5311 0.3710
vt 0.4889 0.3710
f 157/537 158/538 154/539 153/540
f 158/541 159/542 155/543 154/544
f 159/545 160/546 156/547 155/548
f 160/549 157/550 153/551 156/552
f 161/553 162/554 158/555 157/556
f 162/557 163/558 159/559 158/560
f 163/561 164/562 160/563 159/564
f 164/565 161/566 157/567 160/568
f 165/569 166/570 162/571 161/572
f 166/573 167/574 163/575 162/576
f 167/577 168/578 164/579 163/580
f 168/581 165/582 161/583 164/584
f 169/585 170/586 166/587 165/588
f 170/589 171/590 167/591 166/592
f 171/593 172/594 168/595 167/596
f 172/597 169/598 165/599 168/600
f 173/601 174/602 170/603 169/604
f 174/605 175/606 171/607 170/608
f 175/609 176/610 172/611 171/612
f 176/613 173/614 169/615 172/616
f 177/617 178/618 174/619 173/620
f 178/621 179/622 175/623 174/624
f 179/625 180/626 176/627 175/628
f 180/629 177/630 173/631 176/632
f 181/633 182/634 178/635 177/636
f 182/637 183/638 179/639 178/640
f 183/641 184/642 180/643 179/644
f 184/645 181/646 177/647 180/648
f 185/649 186/650 182/651 181/652
f 186/653 187/654 183/655 182/656
f 187/657 188/658 184/659 183/660
f 188/661 185/662 181/663 184/664
f 156/665 155/666 154/667 153/668
f 185/669 186/670 187/671 188/672
o Bench_Belt_1_Right
v 0.4006 0.3670 0.5911
v 0.4160 0.3670 0.5489
v 0.4160 0.3710 0.5489
v 0.4006 0.3710 0.5911
v 0.3800 0.3670 0.5836
v 0.3955 0.3670 0.5414
v 0.3955 0.3710 0.5414
v 0.3800 0.3710 0.5836
v 0.3595 0.3670 0.5761
v 0.3749 0.3670 0.5339
v 0.3749 0.3710 0.5339
v 0.3595 0.3710 0.5761
v 0.3389 0.3670 0.5686
v 0.3543 0.3670 0.5264
v 0.3543 0.3710 0.5264
v 0.3389 0.3710 0.5686
v 0.3183 0.3670 0.5611
v 0.3337 0.3670 0.5189
v 0.3337 0.3710 0.5189
v 0.3183 0.3710 0.5611
v 0.2977 0.3670 0.5536
v 0.3131 0.3670 0.5114
v 0.3131 0.3710 0.5114
v 0.2977 0.3710 0.5536
v 0.2771 0.3670 0.5461
v 0.2925 0.3670 0.5039
v 0.2925 0.3710 0.5039
v 0.2771 0.3710 0.5461
v 0.2565 0.3670 0.5386
v 0.2720 0.3670 0.4964
v 0.2720 0.3710 0.4964
v 0.2565 0.3710 0.5386
v 0.2334 0.3590 0.5382
v 0.2539 0.3590 0.4818
v 0.2539 0.3790 0.4818
v 0.2334 0.3790 0.5382
vt 0.3800 0.5836
vt 0.3955 0.5414
vt 0.4160 0.5489
vt 0.4006 0.5911
vt 0.3955 0.3670
vt 0.3955 0.3710
vt 0.4160 0.3710
vt 0.4160 0.3670
vt 0.3955 0.5414
vt 0.3800 0.5836
vt 0.4006 0.5911
vt 0.4160 0.5489
vt 0.3800 0.3710
vt 0.3800 0.3670
vt 0.4006 0.3670
vt 0.4006 0.3710
vt 0.3595 0.5761
vt 0.3749 0.5339
vt 0.3955 0.5414
vt 0.3800 0.5836
vt 0.3749 0.3670
vt 0.3749 0.3710
vt 0.3955 0.3710
vt 0.3955 0.3670
vt 0.3749 0.5339
vt 0.3595 0.5761
vt 0.3800 0.5836
vt 0.3955 0.5414
vt 0.3595 0.3710
vt 0.3595 0.3670
vt 0.3800 0.3670
vt 0.3800 0.3710
vt 0.3389 0.5686
vt 0.3543 0.5264
vt 0.3749 0.5339
vt 0.3595 0.5761
vt 0.3543 0.3670
vt 0.3543 0.3710
vt 0.3749 0.3710
vt 0.3749 0.3670
vt 0.3543 0.5264
vt 0.3389 0.5686
vt 0.3595 0.5761
vt 0.3749 0.5339
vt 0.3389 0.3710
vt 0.3389 0.3670
vt 0.3595 0.3670
vt 0.3595 0.3710
vt 0.3183 0.5611
vt 0.3337 0.5189
vt 0.3543 0.5264
vt 0.3389 0.5686
vt 0.3337 0.3670
vt 0.3337 0.3710
vt 0.3543 0.3710
vt 0.3543 0.3670
vt 0.3337 0.5189
vt 0.3183 0.5611
vt 0.3389 0.5686
vt 0.3543 0.5264
vt 0.3183 0.3710
vt 0.3183 0.3670
vt 0.3389 0.3670
vt 0.3389 0.3710
vt 0.2977 0.5536
vt 0.3131 0.5114
vt 0.3337 0.5189
vt 0.3183 0.5611
vt 0.3131 0.3670
vt 0.3131 0.3710
vt 0.3337 0.3710
vt 0.3337 0.3670
vt 0.3131 0.5114
vt 0.2977 0.5536
vt 0.3183 0.5611
vt 0.3337 0.5189
vt 0.2977 0.3710
vt 0.2977 0.3670
vt 0.3183 0.3670
vt 0.3183 0.3710
vt 0.2771 0.5461
vt 0.2925 0.5039
vt 0.3131 0.5114
vt 0.2977 0.5536
vt 0.2925 0.3670
vt 0.2925 0.3710
vt 0.3131 0.3710
vt 0.3131 0.3670
vt 0.2925 0.5039
vt 0.2771 0.5461
vt 0.2977 0.5536
vt 0.3131 0.5114
vt 0.2771 0.3710
vt 0.2771 0.3670
vt 0.2977 0.3670
vt 0.2977 0.3710
vt 0.2565 0.5386
vt 0.2720 0.4964
vt 0.2925 0.5039
vt 0.2771 0.5461
vt 0.2720 0.3670
vt 0.2720 0.3710
vt 0.2925 0.3710
vt 0.2925 0.3670
vt 0.2720 0.4964
vt 0.2565 0.5386
vt 0.2771 0.5461
vt 0.2925 0.5039
vt 0.2565 0.3710
vt 0.2565 0.3670
vt 0.2771 0.3670
vt 0.2771 0.3710
vt 0.2334 0.5382
vt 0.2539 0.4818
vt 0.2720 0.4964
vt 0.2565 0.5386
vt 0.2539 0.3590
vt 0.2539 0.3790
vt 0.2720 0.3710
vt 0.2720 0.3670
vt 0.2539 0.4818
vt 0.2334 0.5382
vt 0.2565 0.5386
vt 0.2720 0.4964
vt 0.2334 0.3790
vt 0.2334 0.3590
vt 0.2565 0.3670
vt 0.2565 0.3710
vt 0.5911 0.3710
vt 0.5489 0.3710
vt 0.5489 0.3670
vt 0.5911 0.3670
vt 0.5382 0.3590
vt 0.4818 0.3590
vt 0.4818 0.3790
vt 0.5382 0.3790
f 193/673 194/674 190/675 189/676
f 194/677 195/678 191/679 190/680
f 195/681 196/682 192/683 191/684
f 196/685 193/686 189/687 192/688
f 197/689 198/690 194/691 193/692
f 198/693 199/694 195/695 194/696
f 199/697 200/698 196/699 195/700
f 200/701 197/702 193/703 196/704
f 201/705 202/706 198/707 197/708
f 202/709 203/710 199/711 198/712
f 203/713 204/714 200/715 199/716
f 204/717 201/718 197/719 200/720
f 205/721 206/722 202/723 201/724
f 206/725 207/726 203/727 202/728
f 207/729 208/730 204/731 203/732
f 208/733 205/734 201/735 204/736
f 209/737 210/738 206/739 205/740
f 210/741 211/742 207/743 206/744
f 211/745 212/746 208/747 207/748
f 212/749 209/750 205/751 208/752
f 213/753 214/754 210/755 209/756
f 214/757 215/758 211/759 210/760
f 215/761 216/762 212/763 211/764
f 216/765 213/766 209/767 212/768
f 217/769 218/770 214/771 213/772
f 218/773 219/774 215/775 214/776
f 219/777 220/778 216/779 215/780
f 220/781 217/782 213/783 216/784
f 221/785 222/786 218/787 217/788
f 222/789 223/790 219/791 218/792
f 223/793 224/794 220/795 219/796
f 224/797 221/798 217/799 220/800
f 192/801 191/802 190/803 189/804
f 221/805 222/806 223/807 224/808
o Bench_Back_1
v 0.2322 0.3000 0.6450
v 0.2322 0.3000 0.6451
v 0.2322 0.3000 0.6451
v 0.2321 0.3000 0.6451
v 0.2312 0.3000 0.6451
v 0.2312 0.3000 0.6451
v 0.2311 0.3000 0.6451
v 0.2311 0.3000 0.6450
v 0.2311 0.3000 0.6449
v 0.2312 0.3000 0.6449
v 0.2312 0.3000 0.6449
v 0.2321 0.3000 0.6449
v 0.2322 0.3000 0.6449
v 0.2322 0.3000 0.6449
v 0.4175 0.3033 0.6450
v 0.4144 0.3033 0.6863
v 0.4039 0.3033 0.6903
v 0.3778 0.3033 0.6920
v 0.0856 0.3033 0.6920
v 0.0594 0.3033 0.6903
v 0.0489 0.3033 0.6863
v 0.0459 0.3033 0.6451
v 0.0489 0.3033 0.6037
v 0.0594 0.3033 0.5997
v 0.0856 0.3033 0.5980
v 0.3778 0.3033 0.5980
v 0.4039 0.3033 0.5997
v 0.4144 0.3033 0.6037
v 0.4366 0.3140 0.6450
v 0.4333 0.3140 0.6905
v 0.4217 0.3140 0.6950
v 0.3928 0.3140 0.6968
v 0.0705 0.3140 0.6968
v 0.0416 0.3140 0.6950
v 0.0301 0.3140 0.6905
v 0.0267 0.3140 0.6451
v 0.0301 0.3140 0.5995
v 0.0416 0.3140 0.5950
v 0.0705 0.3140 0.5932
v 0.3928 0.3140 0.5932
v 0.4217 0.3140 0.5950
v 0.4333 0.3140 0.5995
v 0.4456 0.3370 0.6450
v 0.4421 0.3370 0.6925
v 0.4300 0.3370 0.6972
v 0.3999 0.3370 0.6991
v 0.0634 0.3370 0.6991
v 0.0333 0.3370 0.6972
v 0.0213 0.3370 0.6925
v 0.0177 0.3370 0.6452
v 0.0213 0.3370 0.5975
v 0.0333 0.3370 0.5928
v 0.0634 0.3370 0.5909
v 0.3999 0.3370 0.5909
v 0.4300 0.3370 0.5928
v 0.4421 0.3370 0.5975
v 0.4483 0.5600 0.6450
v 0.4447 0.5600 0.6931
v 0.4326 0.5600 0.6979
v 0.4020 0.5600 0.6998
v 0.0613 0.5600 0.6998
v 0.0308 0.5600 0.6979
v 0.0186 0.5600 0.6931
v 0.0150 0.5600 0.6452
v 0.0186 0.5600 0.5969
v 0.0308 0.5600 0.5921
v 0.0613 0.5600 0.5902
v 0.4020 0.5600 0.5902
v 0.4326 0.5600 0.5921
v 0.4447 0.5600 0.5969
v 0.4456 0.7830 0.6450
v 0.4421 0.7830 0.6925
v 0.4300 0.7830 0.6972
v 0.3999 0.7830 0.6991
v 0.0634 0.7830 0.6991
v 0.0333 0.7830 0.6972
v 0.0213 0.7830 0.6925
v 0.0177 0.7830 0.6452
v 0.0213 0.7830 0.5975
v 0.0333 0.7830 0.5928
v 0.0634 0.7830 0.5909
v 0.3999 0.7830 0.5909
v 0.4300 0.7830 0.5928
v 0.4421 0.7830 0.5975
v 0.4366 0.8060 0.6450
v 0.4333 0.8060 0.6905
v 0.4217 0.8060 0.6950
v 0.3928 0.8060 0.6968
v 0.0705 0.8060 0.6968
v 0.0416 0.8060 0.6950
v 0.0301 0.8060 0.6905
v 0.0267 0.8060 0.6451
v 0.0301 0.8060 0.5995
v 0.0416 0.8060 0.5950
v 0.0705 0.8060 0.5932
v 0.3928 0.8060 0.5932
v 0.4217 0.8060 0.5950
v 0.4333 0.8060 0.5995
v 0.4175 0.8167 0.6450
v 0.4144 0.8167 0.6863
v 0.4039 0.8167 0.6903
v 0.3778 0.8167 0.6920
v 0.0856 0.8167 0.6920
v 0.0594 0.8167 0.6903
v 0.0489 0.8167 0.6863
v 0.0459 0.8167 0.6451
v 0.0489 0.8167 0.6037
v 0.0594 0.8167 0.5997
v 0.0856 0.8167 0.5980
v 0.3778 0.8167 0.5980
v 0.4039 0.8167 0.5997
v 0.4144 0.8167 0.6037
v 0.2322 0.8200 0.6450
v 0.2322 0.8200 0.6451
v 0.2322 0.8200 0.6451
v 0.2321 0.8200 0.6451
v 0.2312 0.8200 0.6451
v 0.2312 0.8200 0.6451
v 0.2311 0.8200 0.6451
v 0.2311 0.8200 0.6450
v 0.2311 0.8200 0.6449
v 0.2312 0.8200 0.6449
v 0.2312 0.8200 0.6449
v 0.2321 0.8200 0.6449
v 0.2322 0.8200 0.6449
v 0.2322 0.8200 0.6449
vt 0.2322 0.6450
vt 0.4175 0.6450
vt 0.4144 0.6863
vt 0.2322 0.6451
vt 0.2322 0.6451
vt 0.4144 0.6863
vt 0.4039 0.6903
vt 0.2322 0.6451
vt 0.2322 0.6451
vt 0.4039 0.6903
vt 0.3778 0.6920
vt 0.2321 0.6451
vt 0.2321 0.6451
vt 0.3778 0.6920
vt 0.0856 0.6920
vt 0.2312 0.6451
vt 0.2312 0.6451
vt 0.0856 0.6920
vt 0.0594 0.6903
vt 0.2312 0.6451
vt 0.2312 0.6451
vt 0.0594 0.6903
vt 0.0489 0.6863
vt 0.2311 0.6451
vt 0.2311 0.6451
vt 0.0489 0.6863
vt 0.0459 0.6451
vt 0.2311 0.6450
vt 0.2311 0.6450
vt 0.0459 0.6451
vt 0.0489 0.6037
vt 0.2311 0.6449
vt 0.2311 0.6449
vt 0.0489 0.6037
vt 0.0594 0.5997
vt 0.2312 0.6449
vt 0.2312 0.6449
vt 0.0594 0.5997
vt 0.0856 0.5980
vt 0.2312 0.6449
vt 0.2312 0.6449
vt 0.0856 0.5980
vt 0.3778 0.5980
vt 0.2321 0.6449
vt 0.2321 0.6449
vt 0.3778 0.5980
vt 0.4039 0.5997
vt 0.2322 0.6449
vt 0.2322 0.6449
vt 0.4039 0.5997
vt 0.4144 0.6037
vt 0.2322 0.6449
vt 0.2322 0.6449
vt 0.4144 0.6037
vt 0.4175 0.6450
vt 0.2322 0.6450
vt 0.4175 0.6450
vt 0.4366 0.6450
vt 0.4333 0.6905
vt 0.4144 0.6863
vt 0.4144 0.6863
vt 0.4333 0.6905
vt 0.4217 0.6950
vt 0.4039 0.6903
vt 0.4039 0.3033
vt 0.4217 0.3140
vt 0.3928 0.3140
vt 0.3778 0.3033
vt 0.3778 0.3033
vt 0.3928 0.3140
vt 0.0705 0.3140
vt 0.0856 0.3033
vt 0.0856 0.3033
vt 0.0705 0.3140
vt 0.0416 0.3140
vt 0.0594 0.3033
vt 0.0594 0.6903
vt 0.0416 0.6950
vt 0.0301 0.6905
vt 0.0489 0.6863
vt 0.0489 0.6863
vt 0.0301 0.6905
vt 0.0267 0.6451
vt 0.0459 0.6451
vt 0.0459 0.6451
vt 0.0267 0.6451
vt 0.0301 0.5995
vt 0.0489 0.6037
vt 0.0489 0.6037
vt 0.0301 0.5995
vt 0.0416 0.5950
vt 0.0594 0.5997
vt 0.0594 0.3033
vt 0.0416 0.3140
vt 0.0705 0.3140
vt 0.0856 0.3033
vt 0.0856 0.3033
vt 0.0705 0.3140
vt 0.3928 0.3140
vt 0.3778 0.3033
vt 0.3778 0.3033
vt 0.3928 0.3140
vt 0.4217 0.3140
vt 0.4039 0.3033
vt 0.4039 0.5997
vt 0.4217 0.5950
vt 0.4333 0.5995
vt 0.4144 0.6037
vt 0.4144 0.6037
vt 0.4333 0.5995
vt 0.4366 0.6450
vt 0.4175 0.6450
vt 0.6450 0.3140
vt 0.6450 0.3370
vt 0.6925 0.3370
vt 0.6905 0.3140
vt 0.4333 0.3140
vt 0.4421 0.3370
vt 0.4300 0.3370
vt 0.4217 0.3140
vt 0.4217 0.3140
vt 0.4300 0.3370
vt 0.3999 0.3370
vt 0.3928 0.3140
vt 0.3928 0.3140
vt 0.3999 0.3370
vt 0.0634 0.3370
vt 0.0705 0.3140
vt 0.0705 0.3140
vt 0.0634 0.3370
vt 0.0333 0.3370
vt 0.0416 0.3140
vt 0.0416 0.3140
vt 0.0333 0.3370
vt 0.0213 0.3370
vt 0.0301 0.3140
vt 0.6905 0.3140
vt 0.6925 0.3370
vt 0.6452 0.3370
vt 0.6451 0.3140
vt 0.6451 0.3140
vt 0.6452 0.3370
vt 0.5975 0.3370
vt 0.5995 0.3140
vt 0.0301 0.3140
vt 0.0213 0.3370
vt 0.0333 0.3370
vt 0.0416 0.3140
vt 0.0416 0.3140
vt 0.0333 0.3370
vt 0.0634 0.3370
vt 0.0705 0.3140
vt 0.0705 0.3140
vt 0.0634 0.3370
vt 0.3999 0.3370
vt 0.3928 0.3140
vt 0.3928 0.3140
vt 0.3999 0.3370
vt 0.4300 0.3370
vt 0.4217 0.3140
vt 0.4217 0.3140
vt 0.4300 0.3370
vt 0.4421 0.3370
vt 0.4333 0.3140
vt 0.5995 0.3140
vt 0.5975 0.3370
vt 0.6450 0.3370
vt 0.6450 0.3140
vt 0.6450 0.3370
vt 0.6450 0.5600
vt 0.6931 0.5600
vt 0.6925 0.3370
vt 0.4421 0.3370
vt 0.4447 0.5600
vt 0.4326 0.5600
vt 0.4300 0.3370
vt 0.4300 0.3370
vt 0.4326 0.5600
vt 0.4020 0.5600
vt 0.3999 0.3370
vt 0.3999 0.3370
vt 0.4020 0.5600
vt 0.0613 0.5600
vt 0.0634 0.3370
vt 0.0634 0.3370
vt 0.0613 0.5600
vt 0.0308 0.5600
vt 0.0333 0.3370
vt 0.0333 0.3370
vt 0.0308 0.5600
vt 0.0186 0.5600
vt 0.0213 0.3370
vt 0.6925 0.3370
vt 0.6931 0.5600
vt 0.6452 0.5600
vt 0.6452 0.3370
vt 0.6452 0.3370
vt 0.6452 0.5600
vt 0.5969 0.5600
vt 0.5975 0.3370
vt 0.0213 0.3370
vt 0.0186 0.5600
vt 0.0308 0.5600
vt 0.0333 0.3370
vt 0.0333 0.3370
vt 0.0308 0.5600
vt 0.0613 0.5600
vt 0.0634 0.3370
vt 0.0634 0.3370
vt 0.0613 0.5600
vt 0.4020 0.5600
vt 0.3999 0.3370
vt 0.3999 0.3370
vt 0.4020 0.5600
vt 0.4326 0.5600
vt 0.4300 0.3370
vt 0.4300 0.3370
vt 0.4326 0.5600
vt 0.4447 0.5600
vt 0.4421 0.3370
vt 0.5975 0.3370
vt 0.5969 0.5600
vt 0.6450 0.5600
vt 0.6450 0.3370
vt 0.6450 0.5600
vt 0.6450 0.7830
vt 0.6925 0.7830
vt 0.6931 0.5600
vt 0.4447 0.5600
vt 0.4421 0.7830
vt 0.4300 0.7830
vt 0.4326 0.5600
vt 0.4326 0.5600
vt 0.4300 0.7830
vt 0.3999 0.7830
vt 0.4020 0.5600
vt 0.4020 0.5600
vt 0.3999 0.7830
vt 0.0634 0.7830
vt 0.0613 0.5600
vt 0.0613 0.5600
vt 0.0634 0.7830
vt 0.0333 0.7830
vt 0.0308 0.5600
vt 0.0308 0.5600
vt 0.0333 0.7830
vt 0.0213 0.7830
vt 0.0186 0.5600
vt 0.6931 0.5600
vt 0.6925 0.7830
vt 0.6452 0.7830
vt 0.6452 0.5600
vt 0.6452 0.5600
vt 0.6452 0.7830
vt 0.5975 0.7830
vt 0.5969 0.5600
vt 0.0186 0.5600
vt 0.0213 0.7830
vt 0.0333 0.7830
vt 0.0308 0.5600
vt 0.0308 0.5600
vt 0.0333 0.7830
vt 0.0634 0.7830
vt 0.0613 0.5600
vt 0.0613 0.5600
vt 0.0634 0.7830
vt 0.3999 0.7830
vt 0.4020 0.5600
vt 0.4020 0.5600
vt 0.3999 0.7830
vt 0.4300 0.7830
vt 0.4326 0.5600
vt 0.4326 0.5600
vt 0.4300 0.7830
vt 0.4421 0.7830
vt 0.4447 0.5600
vt 0.5969 0.5600
vt 0.5975 0.7830
vt 0.6450 0.7830
vt 0.6450 0.5600
vt 0.6450 0.7830
vt 0.6450 0.8060
vt 0.6905 0.8060
vt 0.6925 0.7830
vt 0.4421 0.7830
vt 0.4333 0.8060
vt 0.4217 0.8060
vt 0.4300 0.7830
vt 0.4300 0.7830
vt 0.4217 0.8060
vt 0.3928 0.8060
vt 0.3999 0.7830
vt 0.3999 0.7830
vt 0.3928 0.8060
vt 0.0705 0.8060
vt 0.0634 0.7830
vt 0.0634 0.7830
vt 0.0705 0.8060
vt 0.0416 0.8060
vt 0.0333 0.7830
vt 0.0333 0.7830
vt 0.0416 0.8060
vt 0.0301 0.8060
vt 0.0213 0.7830
vt 0.6925 0.7830
vt 0.6905 0.8060
vt 0.6451 0.8060
vt 0.6452 0.7830
vt 0.6452 0.7830
vt 0.6451 0.8060
vt 0.5995 0.8060
vt 0.5975 0.7830
vt 0.0213 0.7830
vt 0.0301 0.8060
vt 0.0416 0.8060
vt 0.0333 0.7830
vt 0.0333 0.7830
vt 0.0416 0.8060
vt 0.0705 0.8060
vt 0.0634 0.7830
vt 0.0634 0.7830
vt 0.0705 0.8060
vt 0.3928 0.8060
vt 0.3999 0.7830
vt 0.3999 0.7830
vt 0.3928 0.8060
vt 0.4217 0.8060
vt 0.4300 0.7830
vt 0.4300 0.7830
vt 0.4217 0.8060
vt 0.4333 0.8060
vt 0.4421 0.7830
vt 0.5975 0.7830
vt 0.5995 0.8060
vt 0.6450 0.8060
vt 0.6450 0.7830
vt 0.4366 0.6450
vt 0.4175 0.6450
vt 0.4144 0.6863
vt 0.4333 0.6905
vt 0.4333 0.6905
vt 0.4144 0.6863
vt 0.4039 0.6903
vt 0.4217 0.6950
vt 0.4217 0.8060
vt 0.4039 0.8167
vt 0.3778 0.8167
vt 0.3928 0.8060
vt 0.3928 0.8060
vt 0.3778 0.8167
vt 0.0856 0.8167
vt 0.0705 0.8060
vt 0.0705 0.8060
vt 0.0856 0.8167
vt 0.0594 0.8167
vt 0.0416 0.8060
vt 0.0416 0.6950
vt 0.0594 0.6903
vt 0.0489 0.6863
vt 0.0301 0.6905
vt 0.0301 0.6905
vt 0.0489 0.6863
vt 0.0459 0.6451
vt 0.0267 0.6451
vt 0.0267 0.6451
vt 0.0459 0.6451
vt 0.0489 0.6037
vt 0.0301 0.5995
vt 0.0301 0.5995
vt 0.0489 0.6037
vt 0.0594 0.5997
vt 0.0416 0.5950
vt 0.0416 0.8060
vt 0.0594 0.8167
vt 0.0856 0.8167
vt 0.0705 0.8060
vt 0.0705 0.8060
vt 0.0856 0.8167
vt 0.3778 0.8167
vt 0.3928 0.8060
vt 0.3928 0.8060
vt 0.3778 0.8167
vt 0.4039 0.8167
vt 0.4217 0.8060
vt 0.4217 0.5950
vt 0.4039 0.5997
vt 0.4144 0.6037
vt 0.4333 0.5995
vt 0.4333 0.5995
vt 0.4144 0.6037
vt 0.4175 0.6450
vt 0.4366 0.6450
vt 0.4175 0.6450
vt 0.2322 0.6450
vt 0.2322 0.6451
vt 0.4144 0.6863
vt 0.4144 0.6863
vt 0.2322 0.6451
vt 0.2322 0.6451
vt 0.4039 0.6903
vt 0.4039 0.6903
vt 0.2322 0.6451
vt 0.2321 0.6451
vt 0.3778 0.6920
vt 0.3778 0.6920
vt 0.2321 0.6451
vt 0.2312 0.6451
vt 0.0856 0.6920
vt 0.0856 0.6920
vt 0.2312 0.6451
vt 0.2312 0.6451
vt 0.0594 0.6903
vt 0.0594 0.6903
vt 0.2312 0.6451
vt 0.2311 0.6451
vt 0.0489 0.6863
vt 0.0489 0.6863
vt 0.2311 0.6451
vt 0.2311 0.6450
vt 0.0459 0.6451
vt 0.0459 0.6451
vt 0.2311 0.6450
vt 0.2311 0.6449
vt 0.0489 0.6037
vt 0.0489 0.6037
vt 0.2311 0.6449
vt 0.2312 0.6449
vt 0.0594 0.5997
vt 0.0594 0.5997
vt 0.2312 0.6449
vt 0.2312 0.6449
vt 0.0856 0.5980
vt 0.0856 0.5980
vt 0.2312 0.6449
vt 0.2321 0.6449
vt 0.3778 0.5980
vt 0.3778 0.5980
vt 0.2321 0.6449
vt 0.2322 0.6449
vt 0.4039 0.5997
vt 0.4039 0.5997
vt 0.2322 0.6449
vt 0.2322 0.6449
vt 0.4144 0.6037
vt 0.4144 0.6037
vt 0.2322 0.6449
vt 0.2322 0.6450
vt 0.4175 0.6450
f 225/809 239/810 240/811 226/812
f 226/813 240/814 241/815 227/816
f 227/817 241/818 242/819 228/820
f 228/821 242/822 243/823 229/824
f 229/825 243/826 244/827 230/828
f 230/829 244/830 245/831 231/832
f 231/833 245/834 246/835 232/836
f 232/837 246/838 247/839 233/840
f 233/841 247/842 248/843 234/844
f 234/845 248/846 249/847 235/848
f 235/849 249/850 250/851 236/852
f 236/853 250/854 251/855 237/856
f 237/857 251/858 252/859 238/860
f 238/861 252/862 239/863 225/864
f 239/865 253/866 254/867 240/868
f 240/869 254/870 255/871 241/872
f 241/873 255/874 256/875 242/876
f 242/877 256/878 257/879 243/880
f 243/881 257/882 258/883 244/884
f 244/885 258/886 259/887 245/888
f 245/889 259/890 260/891 246/892
f 246/893 260/894 261/895 247/896
f 247/897 261/898 262/899 248/900
f 248/901 262/902 263/903 249/904
f 249/905 263/906 264/907 250/908
f 250/909 264/910 265/911 251/912
f 251/913 265/914 266/915 252/916
f 252/917 266/918 253/919 239/920
f 253/921 267/922 268/923 254/924
f 254/925 268/926 269/927 255/928
f 255/929 269/930 270/931 256/932
f 256/933 270/934 271/935 257/936
f 257/937 271/938 272/939 258/940
f 258/941 272/942 273/943 259/944
f 259/945 273/946 274/947 260/948
f 260/949 274/950 275/951 261/952
f 261/953 275/954 276/955 262/956
f 262/957 276/958 277/959 263/960
f 263/961 277/962 278/963 264/964
f 264/965 278/966 279/967 265/968
f 265/969 279/970 280/971 266/972
f 266/973 280/974 267/975 253/976
f 267/977 281/978 282/979 268/980
f 268/981 282/982 283/983 269/984
f 269/985 283/986 284/987 270/988
f 270/989 284/990 285/991 271/992
f 271/993 285/994 286/995 272/996
f 272/997 286/998 287/999 273/1000
f 273/1001 287/1002 288/1003 274/1004
f 274/1005 288/1006 289/1007 275/1008
f 275/1009 289/1010 290/1011 276/1012
f 276/1013 290/1014 291/1015 277/1016
f 277/1017 291/1018 292/1019 278/1020
f 278/1021 292/1022 293/1023 279/1024
f 279/1025 293/1026 294/1027 280/1028
f 280/1029 294/1030 281/1031 267/1032
f 281/1033 295/1034 296/1035 282/1036
f 282/1037 296/1038 297/1039 283/1040
f 283/1041 297/1042 298/1043 284/1044
f 284/1045 298/1046 299/1047 285/1048
f 285/1049 299/1050 300/1051 286/1052
f 286/1053 300/1054 301/1055 287/1056
f 287/1057 301/1058 302/1059 288/1060
f 288/1061 302/1062 303/1063 289/1064
f 289/1065 303/1066 304/1067 290/1068
f 290/1069 304/1070 305/1071 291/1072
f 291/1073 305/1074 306/1075 292/1076
f 292/1077 306/1078 307/1079 293/1080
f 293/1081 307/1082 308/1083 294/1084
f 294/1085 308/1086 295/1087 281/1088
f 295/1089 309/1090 310/1091 296/1092
f 296/1093 310/1094 311/1095 297/1096
f 297/1097 311/1098 312/1099 298/1100
f 298/1101 312/1102 313/1103 299/1104
f 299/1105 313/1106 314/1107 300/1108
f 300/1109 314/1110 315/1111 301/1112
f 301/1113 315/1114 316/1115 302/1116
f 302/1117 316/1118 317/1119 303/1120
f 303/1121 317/1122 318/1123 304/1124
f 304/1125 318/1126 319/1127 305/1128
f 305/1129 319/1130 320/1131 306/1132
f 306/1133 320/1134 321/1135 307/1136
f 307/1137 321/1138 322/1139 308/1140
f 308/1141 322/1142 309/1143 295/1144
f 309/1145 323/1146 324/1147 310/1148
f 310/1149 324/1150 325/1151 311/1152
f 311/1153 325/1154 326/1155 312/1156
f 312/1157 326/1158 327/1159 313/1160
f 313/1161 327/1162 328/1163 314/1164
f 314/1165 328/1166 329/1167 315/1168
f 315/1169 329/1170 330/1171 316/1172
f 316/1173 330/1174 331/1175 317/1176
f 317/1177 331/1178 332/1179 318/1180
f 318/1181 332/1182 333/1183 319/1184
f 319/1185 333/1186 334/1187 320/1188
f 320/1189 334/1190 335/1191 321/1192
f 321/1193 335/1194 336/1195 322/1196
f 322/1197 336/1198 323/1199 309/1200
f 323/1201 337/1202 338/1203 324/1204
f 324/1205 338/1206 339/1207 325/1208
f 325/1209 339/1210 340/1211 326/1212
f 326/1213 340/1214 341/1215 327/1216
f 327/1217 341/1218 342/1219 328/1220
f 328/1221 342/1222 343/1223 329/1224
f 329/1225 343/1226 344/1227 330/1228
f 330/1229 344/1230 345/1231 331/1232
f 331/1233 345/1234 346/1235 332/1236
f 332/1237 346/1238 347/1239 333/1240
f 333/1241 347/1242 348/1243 334/1244
f 334/1245 348/1246 349/1247 335/1248
f 335/1249 349/1250 350/1251 336/1252
f 336/1253 350/1254 337/1255 323/1256
o Bench_Storage_1
v 0.0317 0.0600 0.3200
v 0.4317 0.0600 0.3200
v 0.4317 0.2900 0.3200
v 0.0317 0.2900 0.3200
v 0.0317 0.0600 0.6600
v 0.4317 0.0600 0.6600
v 0.4317 0.2900 0.6600
v 0.0317 0.2900 0.6600
vt 0.0317 0.2900
vt 0.4317 0.2900
vt 0.4317 0.0600
vt 0.0317 0.0600
vt 0.0317 0.0600
vt 0.4317 0.0600
vt 0.4317 0.2900
vt 0.0317 0.2900
vt 0.0317 0.3200
vt 0.4317 0.3200
vt 0.4317 0.6600
vt 0.0317 0.6600
vt 0.4317 0.3200
vt 0.0317 0.3200
vt 0.0317 0.6600
vt 0.4317 0.6600
vt 0.3200 0.0600
vt 0.3200 0.2900
vt 0.6600 0.2900
vt 0.6600 0.0600
vt 0.6600 0.0600
vt 0.6600 0.2900
vt 0.3200 0.2900
vt 0.3200 0.0600
f 354/1257 353/1258 352/1259 351/1260
f 355/1261 356/1262 357/1263 358/1264
f 351/1265 352/1266 356/1267 355/1268
f 353/1269 354/1270 358/1271 357/1272
f 352/1273 353/1274 357/1275 356/1276
f 355/1277 358/1278 354/1279 351/1280
o Bench_StorageDoor_1
v 0.0317 0.0700 0.2950
v 0.4317 0.0700 0.2950
v 0.4317 0.2800 0.2950
v 0.0317 0.2800 0.2950
v 0.0317 0.0700 0.3200
v 0.4317 0.0700 0.3200
v 0.4317 0.2800 0.3200
v 0.0317 0.2800 0.3200
vt 0.0317 0.2800
vt 0.4317 0.2800
vt 0.4317 0.0700
vt 0.0317 0.0700
vt 0.0317 0.0700
vt 0.4317 0.0700
vt 0.4317 0.2800
vt 0.0317 0.2800
vt 0.0317 0.2950
vt 0.4317 0.2950
vt 0.4317 0.3200
vt 0.0317 0.3200
vt 0.4317 0.2950
vt 0.0317 0.2950
vt 0.0317 0.3200
vt 0.4317 0.3200
vt 0.2950 0.0700
vt 0.2950 0.2800
vt 0.3200 0.2800
vt 0.3200 0.0700
vt 0.3200 0.0700
vt 0.3200 0.2800
vt 0.2950 0.2800
vt 0.2950 0.0700
f 362/1281 361/1282 360/1283 359/1284
f 363/1285 364/1286 365/1287 366/1288
f 359/1289 360/1290 364/1291 363/1292
f 361/1293 362/1294 366/1295 365/1296
f 360/1297 361/1298 365/1299 364/1300
f 363/1301 366/1302 362/1303 359/1304
o Bench_Pan_2
v 0.6953 0.2900 0.5000
v 0.6953 0.2900 0.5002
v 0.6952 0.2900 0.5002
v 0.6952 0.2900 0.5002
v 0.6950 0.2900 0.5002
v 0.6948 0.2900 0.5002
v 0.6948 0.2900 0.5002
v 0.6947 0.2900 0.5002
v 0.6947 0.2900 0.5000
v 0.6947 0.2900 0.4998
v 0.6948 0.2900 0.4998
v 0.6948 0.2900 0.4998
v 0.6950 0.2900 0.4998
v 0.6952 0.2900 0.4998
v 0.6952 0.2900 0.4998
v 0.6953 0.2900 0.4998
v 0.8773 0.2905 0.5000
v 0.8747 0.2905 0.6415
v 0.8662 0.2905 0.6581
v 0.8483 0.2905 0.6659
v 0.6952 0.2905 0.6682
v 0.5417 0.2905 0.6659
v 0.5238 0.2905 0.6581
v 0.5153 0.2905 0.6415
v 0.5127 0.2905 0.5002
v 0.5153 0.2905 0.3585
v 0.5238 0.2905 0.3419
v 0.5417 0.2905 0.3341
v 0.6947 0.2905 0.3318
v 0.8483 0.2905 0.3341
v 0.8662 0.2905 0.3419
v 0.8747 0.2905 0.3585
v 0.8986 0.2923 0.5000
v 0.8957 0.2923 0.6581
v 0.8863 0.2923 0.6765
v 0.8662 0.2923 0.6852
v 0.6952 0.2923 0.6879
v 0.5238 0.2923 0.6852
v 0.5037 0.2923 0.6765
v 0.4943 0.2923 0.6581
v 0.4914 0.2923 0.5003
v 0.4943 0.2923 0.3419
v 0.5037 0.2923 0.3235
v 0.5238 0.2923 0.3148
v 0.6947 0.2923 0.3121
v 0.8662 0.2923 0.3148
v 0.8863 0.2923 0.3235
v 0.8957 0.2923 0.3419
v 0.9086 0.2960 0.5000
v 0.9056 0.2960 0.6659
v 0.8957 0.2960 0.6852
v 0.8747 0.2960 0.6944
v 0.6953 0.2960 0.6972
v 0.5153 0.2960 0.6944
v 0.4943 0.2960 0.6852
v 0.4844 0.2960 0.6659
v 0.4814 0.2960 0.5003
v 0.4844 0.2960 0.3341
v 0.4943 0.2960 0.3148
v 0.5153 0.2960 0.3056
v 0.6947 0.2960 0.3028
v 0.8747 0.2960 0.3056
v 0.8957 0.2960 0.3148
v 0.9056 0.2960 0.3341
v 0.9117 0.3275 0.5000
v 0.9086 0.3275 0.6682
v 0.8986 0.3275 0.6879
v 0.8773 0.3275 0.6972
v 0.6953 0.3275 0.7000
v 0.5127 0.3275 0.6972
v 0.4914 0.3275 0.6879
v 0.4814 0.3275 0.6682
v 0.4783 0.3275 0.5003
v 0.4814 0.3275 0.3318
v 0.4914 0.3275 0.3121
v 0.5127 0.3275 0.3028
v 0.6947 0.3275 0.3000
v 0.8773 0.3275 0.3028
v 0.8986 0.3275 0.3121
v 0.9086 0.3275 0.3318
v 0.9086 0.3590 0.5000
v 0.9056 0.3590 0.6659
v 0.8957 0.3590 0.6852
v 0.8747 0.3590 0.6944
v 0.6953 0.3590 0.6972
v 0.5153 0.3590 0.6944
v 0.4943 0.3590 0.6852
v 0.4844 0.3590 0.6659
v 0.4814 0.3590 0.5003
v 0.4844 0.3590 0.3341
v 0.4943 0.3590 0.3148
v 0.5153 0.3590 0.3056
v 0.6947 0.3590 0.3028
v 0.8747 0.3590 0.3056
v 0.8957 0.3590 0.3148
v 0.9056 0.3590 0.3341
v 0.8986 0.3627 0.5000
v 0.8957 0.3627 0.6581
v 0.8863 0.3627 0.6765
v 0.8662 0.3627 0.6852
v 0.6952 0.3627 0.6879
v 0.5238 0.3627 0.6852
v 0.5037 0.3627 0.6765
v 0.4943 0.3627 0.6581
v 0.4914 0.3627 0.5003
v 0.4943 0.3627 0.3419
v 0.5037 0.3627 0.3235
v 0.5238 0.3627 0.3148
v 0.6947 0.3627 0.3121
v 0.8662 0.3627 0.3148
v 0.8863 0.3627 0.3235
v 0.8957 0.3627 0.3419
v 0.8773 0.3645 0.5000
v 0.8747 0.3645 0.6415
v 0.8662 0.3645 0.6581
v 0.8483 0.3645 0.6659
v 0.6952 0.3645 0.6682
v 0.5417 0.3645 0.6659
v 0.5238 0.3645 0.6581
v 0.5153 0.3645 0.6415
v 0.5127 0.3645 0.5002
v 0.5153 0.3645 0.3585
v 0.5238 0.3645 0.3419
v 0.5417 0.3645 0.3341
v 0.6947 0.3645 0.3318
v 0.8483 0.3645 0.3341
v 0.8662 0.3645 0.3419
v 0.8747 0.3645 0.3585
v 0.6953 0.3650 0.5000
v 0.6953 0.3650 0.5002
v 0.6952 0.3650 0.5002
v 0.6952 0.3650 0.5002
v 0.6950 0.3650 0.5002
v 0.6948 0.3650 0.5002
v 0.6948 0.3650 0.5002
v 0.6947 0.3650 0.5002
v 0.6947 0.3650 0.5000
v 0.6947 0.3650 0.4998
v 0.6948 0.3650 0.4998
v 0.6948 0.3650 0.4998
v 0.6950 0.3650 0.4998
v 0.6952 0.3650 0.4998
v 0.6952 0.3650 0.4998
v 0.6953 0.3650 0.4998
vt 0.6953 0.5000
vt 0.8773 0.5000
vt 0.8747 0.6415
vt 0.6953 0.5002
vt 0.6953 0.5002
vt 0.8747 0.6415
vt 0.8662 0.6581
vt 0.6952 0.5002
vt 0.6952 0.5002
vt 0.8662 0.6581
vt 0.8483 0.6659
vt 0.6952 0.5002
vt 0.6952 0.5002
vt 0.8483 0.6659
vt 0.6952 0.6682
vt 0.6950 0.5002
vt 0.6950 0.5002
vt 0.6952 0.6682
vt 0.5417 0.6659
vt 0.6948 0.5002
vt 0.6948 0.5002
vt 0.5417 0.6659
vt 0.5238 0.6581
vt 0.6948 0.5002
vt 0.6948 0.5002
vt 0.5238 0.6581
vt 0.5153 0.6415
vt 0.6947 0.5002
vt 0.6947 0.5002
vt 0.5153 0.6415
vt 0.5127 0.5002
vt 0.6947 0.5000
vt 0.6947 0.5000
vt 0.5127 0.5002
vt 0.5153 0.3585
vt 0.6947 0.4998
vt 0.6947 0.4998
vt 0.5153 0.3585
vt 0.5238 0.3419
vt 0.6948 0.4998
vt 0.6948 0.4998
vt 0.5238 0.3419
vt 0.5417 0.3341
vt 0.6948 0.4998
vt 0.6948 0.4998
vt 0.5417 0.3341
vt 0.6947 0.3318
vt 0.6950 0.4998
vt 0.6950 0.4998
vt 0.6947 0.3318
vt 0.8483 0.3341
vt 0.6952 0.4998
vt 0.6952 0.4998
vt 0.8483 0.3341
vt 0.8662 0.3419
vt 0.6952 0.4998
vt 0.6952 0.4998
vt 0.8662 0.3419
vt 0.8747 0.3585
vt 0.6953 0.4998
vt 0.6953 0.4998
vt 0.8747 0.3585
vt 0.8773 0.5000
vt 0.6953 0.5000
vt 0.8773 0.5000
vt 0.8986 0.5000
vt 0.8957 0.6581
vt 0.8747 0.6415
vt 0.8747 0.6415
vt 0.8957 0.6581
vt 0.8863 0.6765
vt 0.8662 0.6581
vt 0.8662 0.6581
vt 0.8863 0.6765
vt 0.8662 0.6852
vt 0.8483 0.6659
vt 0.8483 0.6659
vt 0.8662 0.6852
vt 0.6952 0.6879
vt 0.6952 0.6682
vt 0.6952 0.6682
vt 0.6952 0.6879
vt 0.5238 0.6852
vt 0.5417 0.6659
vt 0.5417 0.6659
vt 0.5238 0.6852
vt 0.5037 0.6765
vt 0.5238 0.6581
vt 0.5238 0.6581
vt 0.5037 0.6765
vt 0.4943 0.6581
vt 0.5153 0.6415
vt 0.5153 0.6415
vt 0.4943 0.6581
vt 0.4914 0.5003
vt 0.5127 0.5002
vt 0.5127 0.5002
vt 0.4914 0.5003
vt 0.4943 0.3419
vt 0.5153 0.3585
vt 0.5153 0.3585
vt 0.4943 0.3419
vt 0.5037 0.3235
vt 0.5238 0.3419
vt 0.5238 0.3419
vt 0.5037 0.3235
vt 0.5238 0.3148
vt 0.5417 0.3341
vt 0.5417 0.3341
vt 0.5238 0.3148
vt 0.6947 0.3121
vt 0.6947 0.3318
vt 0.6947 0.3318
vt 0.6947 0.3121
vt 0.8662 0.3148
vt 0.8483 0.3341
vt 0.8483 0.3341
vt 0.8662 0.3148
vt 0.8863 0.3235
vt 0.8662 0.3419
vt 0.8662 0.3419
vt 0.8863 0.3235
vt 0.8957 0.3419
vt 0.8747 0.3585
vt 0.8747 0.3585
vt 0.8957 0.3419
vt 0.8986 0.5000
vt 0.8773 0.5000
vt 0.8986 0.5000
vt 0.9086 0.5000
vt 0.9056 0.6659
vt 0.8957 0.6581
vt 0.8957 0.6581
vt 0.9056 0.6659
vt 0.8957 0.6852
vt 0.8863 0.6765
vt 0.8863 0.6765
vt 0.8957 0.6852
vt 0.8747 0.6944
vt 0.8662 0.6852
vt 0.8662 0.6852
vt 0.8747 0.6944
vt 0.6953 0.6972
vt 0.6952 0.6879
vt 0.6952 0.6879
vt 0.6953 0.6972
vt 0.5153 0.6944
vt 0.5238 0.6852
vt 0.5238 0.6852
vt 0.5153 0.6944
vt 0.4943 0.6852
vt 0.5037 0.6765
vt 0.5037 0.6765
vt 0.4943 0.6852
vt 0.4844 0.6659
vt 0.4943 0.6581
vt 0.4943 0.6581
vt 0.4844 0.6659
vt 0.4814 0.5003
vt 0.4914 0.5003
vt 0.4914 0.5003
vt 0.4814 0.5003
vt 0.4844 0.3341
vt 0.4943 0.3419
vt 0.4943 0.3419
vt 0.4844 0.3341
vt 0.4943 0.3148
vt 0.5037 0.3235
vt 0.5037 0.3235
vt 0.4943 0.3148
vt 0.5153 0.3056
vt 0.5238 0.3148
vt 0.5238 0.3148
vt 0.5153 0.3056
vt 0.6947 0.3028
vt 0.6947 0.3121
vt 0.6947 0.3121
vt 0.6947 0.3028
vt 0.8747 0.3056
vt 0.8662 0.3148
vt 0.8662 0.3148
vt 0.8747 0.3056
vt 0.8957 0.3148
vt 0.8863 0.3235
vt 0.8863 0.3235
vt 0.8957 0.3148
vt 0.9056 0.3341
vt 0.8957 0.3419
vt 0.8957 0.3419
vt 0.9056 0.3341
vt 0.9086 0.5000
vt 0.8986 0.5000
vt 0.5000 0.2960
vt 0.5000 0.3275
vt 0.6682 0.3275
vt 0.6659 0.2960
vt 0.6659 0.2960
vt 0.6682 0.3275
vt 0.6879 0.3275
vt 0.6852 0.2960
vt 0.8957 0.2960
vt 0.8986 0.3275
vt 0.8773 0.3275
vt 0.8747 0.2960
vt 0.8747 0.2960
vt 0.8773 0.3275
vt 0.6953 0.3275
vt 0.6953 0.2960
vt 0.6953 0.2960
vt 0.6953 0.3275
vt 0.5127 0.3275
vt 0.5153 0.2960
vt 0.5153 0.2960
vt 0.5127 0.3275
vt 0.4914 0.3275
vt 0.4943 0.2960
vt 0.6852 0.2960
vt 0.6879 0.3275
vt 0.6682 0.3275
vt 0.6659 0.2960
vt 0.6659 0.2960
vt 0.6682 0.3275
vt 0.5003 0.3275
vt 0.5003 0.2960
vt 0.5003 0.2960
vt 0.5003 0.3275
vt 0.3318 0.3275
vt 0.3341 0.2960
vt 0.3341 0.2960
vt 0.3318 0.3275
vt 0.3121 0.3275
vt 0.3148 0.2960
vt 0.4943 0.2960
vt 0.4914 0.3275
vt 0.5127 0.3275
vt 0.5153 0.2960
vt 0.5153 0.2960
vt 0.5127 0.3275
vt 0.6947 0.3275
vt 0.6947 0.2960
vt 0.6947 0.2960
vt 0.6947 0.3275
vt 0.8773 0.3275
vt 0.8747 0.2960
vt 0.8747 0.2960
vt 0.8773 0.3275
vt 0.8986 0.3275
vt 0.8957 0.2960
vt 0.3148 0.2960
vt 0.3121 0.3275
vt 0.3318 0.3275
vt 0.3341 0.2960
vt 0.3341 0.2960
vt 0.3318 0.3275
vt 0.5000 0.3275
vt 0.5000 0.2960
vt 0.5000 0.3275
vt 0.5000 0.3590
vt 0.6659 0.3590
vt 0.6682 0.3275
vt 0.6682 0.3275
vt 0.6659 0.3590
vt 0.6852 0.3590
vt 0.6879 0.3275
vt 0.8986 0.3275
vt 0.8957 0.3590
vt 0.8747 0.3590
vt 0.8773 0.3275
vt 0.8773 0.3275
vt 0.8747 0.3590
vt 0.6953 0.3590
vt 0.6953 0.3275
vt 0.6953 0.3275
vt 0.6953 0.3590
vt 0.5153 0.3590
vt 0.5127 0.3275
vt 0.5127 0.3275
vt 0.5153 0.3590
vt 0.4943 0.3590
vt 0.4914 0.3275
vt 0.6879 0.3275
vt 0.6852 0.3590
vt 0.6659 0.3590
vt 0.6682 0.3275
vt 0.6682 0.3275
vt 0.6659 0.3590
vt 0.5003 0.3590
vt 0.5003 0.3275
vt 0.5003 0.3275
vt 0.5003 0.3590
vt 0.3341 0.3590
vt 0.3318 0.3275
vt 0.3318 0.3275
vt 0.3341 0.3590
vt 0.3148 0.3590
vt 0.3121 0.3275
vt 0.4914 0.3275
vt 0.4943 0.3590
vt 0.5153 0.3590
vt 0.5127 0.3275
vt 0.5127 0.3275
vt 0.5153 0.3590
vt 0.6947 0.3590
vt 0.6947 0.3275
vt 0.6947 0.3275
vt 0.6947 0.3590
vt 0.8747 0.3590
vt 0.8773 0.3275
vt 0.8773 0.3275
vt 0.8747 0.3590
vt 0.8957 0.3590
vt 0.8986 0.3275
vt 0.3121 0.3275
vt 0.3148 0.3590
vt 0.3341 0.3590
vt 0.3318 0.3275
vt 0.3318 0.3275
vt 0.3341 0.3590
vt 0.5000 0.3590
vt 0.5000 0.3275
vt 0.9086 0.5000
vt 0.8986 0.5000
vt 0.8957 0.6581
vt 0.9056 0.6659
vt 0.9056 0.6659
vt 0.8957 0.6581
vt 0.8863 0.6765
vt 0.8957 0.6852
vt 0.8957 0.6852
vt 0.8863 0.6765
vt 0.8662 0.6852
vt 0.8747 0.6944
vt 0.8747 0.6944
vt 0.8662 0.6852
vt 0.6952 0.6879
vt 0.6953 0.6972
vt 0.6953 0.6972
vt 0.6952 0.6879
vt 0.5238 0.6852
vt 0.5153 0.6944
vt 0.5153 0.6944
vt 0.5238 0.6852
vt 0.5037 0.6765
vt 0.4943 0.6852
vt 0.4943 0.6852
vt 0.5037 0.6765
vt 0.4943 0.6581
vt 0.4844 0.6659
vt 0.4844 0.6659
vt 0.4943 0.6581
vt 0.4914 0.5003
vt 0.4814 0.5003
vt 0.4814 0.5003
vt 0.4914 0.5003
vt 0.4943 0.3419
vt 0.4844 0.3341
vt 0.4844 0.3341
vt 0.4943 0.3419
vt 0.5037 0.3235
vt 0.4943 0.3148
vt 0.4943 0.3148
vt 0.5037 0.3235
vt 0.5238 0.3148
vt 0.5153 0.3056
vt 0.5153 0.3056
vt 0.5238 0.3148
vt 0.6947 0.3121
vt 0.6947 0.3028
vt 0.6947 0.3028
vt 0.6947 0.3121
vt 0.8662 0.3148
vt 0.8747 0.3056
vt 0.8747 0.3056
vt 0.8662 0.3148
vt 0.8863 0.3235
vt 0.8957 0.3148
vt 0.8957 0.3148
vt 0.8863 0.3235
vt 0.8957 0.3419
vt 0.9056 0.3341
vt 0.9056 0.3341
vt 0.8957 0.3419
vt 0.8986 0.5000
vt 0.9086 0.5000
vt 0.8986 0.5000
vt 0.8773 0.5000
vt 0.8747 0.6415
vt 0.8957 0.6581
vt 0.8957 0.6581
vt 0.8747 0.6415
vt 0.8662 0.6581
vt 0.8863 0.6765
vt 0.8863 0.6765
vt 0.8662 0.6581
vt 0.8483 0.6659
vt 0.8662 0.6852
vt 0.8662 0.6852
vt 0.8483 0.6659
vt 0.6952 0.6682
vt 0.6952 0.6879
vt 0.6952 0.6879
vt 0.6952 0.6682
vt 0.5417 0.6659
vt 0.5238 0.6852
vt 0.5238 0.6852
vt 0.5417 0.6659
vt 0.5238 0.6581
vt 0.5037 0.6765
vt 0.5037 0.6765
vt 0.5238 0.6581
vt 0.5153 0.6415
vt 0.4943 0.6581
vt 0.4943 0.6581
vt 0.5153 0.6415
vt 0.5127 0.5002
vt 0.4914 0.5003
vt 0.4914 0.5003
vt 0.5127 0.5002
vt 0.5153 0.3585
vt 0.4943 0.3419
vt 0.4943 0.3419
vt 0.5153 0.3585
vt 0.5238 0.3419
vt 0.5037 0.3235
vt 0.5037 0.3235
vt 0.5238 0.3419
vt 0.5417 0.3341
vt 0.5238 0.3148
vt 0.5238 0.3148
vt 0.5417 0.3341
vt 0.6947 0.3318
vt 0.6947 0.3121
vt 0.6947 0.3121
vt 0.6947 0.3318
vt 0.8483 0.3341
vt 0.8662 0.3148
vt 0.8662 0.3148
vt 0.8483 0.3341
vt 0.8662 0.3419
vt 0.8863 0.3235
vt 0.8863 0.3235
vt 0.8662 0.3419
vt 0.8747 0.3585
vt 0.8957 0.3419
vt 0.8957 0.3419
vt 0.8747 0.3585
vt 0.8773 0.5000
vt 0.8986 0.5000
vt 0.8773 0.5000
vt 0.6953 0.5000
vt 0.6953 0.5002
vt 0.8747 0.6415
vt 0.8747 0.6415
vt 0.6953 0.5002
vt 0.6952 0.5002
vt 0.8662 0.6581
vt 0.8662 0.6581
vt 0.6952 0.5002
vt 0.6952 0.5002
vt 0.8483 0.6659
vt 0.8483 0.6659
vt 0.6952 0.5002
vt 0.6950 0.5002
vt 0.6952 0.6682
vt 0.6952 0.6682
vt 0.6950 0.5002
vt 0.6948 0.5002
vt 0.5417 0.6659
vt 0.5417 0.6659
vt 0.6948 0.5002
vt 0.6948 0.5002
vt 0.5238 0.6581
vt 0.5238 0.6581
vt 0.6948 0.5002
vt 0.6947 0.5002
vt 0.5153 0.6415
vt 0.5153 0.6415
vt 0.6947 0.5002
vt 0.6947 0.5000
vt 0.5127 0.5002
vt 0.5127 0.5002
vt 0.6947 0.5000
vt 0.6947 0.4998
vt 0.5153 0.3585
vt 0.5153 0.3585
vt 0.6947 0.4998
vt 0.6948 0.4998
vt 0.5238 0.3419
vt 0.5238 0.3419
vt 0.6948 0.4998
vt 0.6948 0.4998
vt 0.5417 0.3341
vt 0.5417 0.3341
vt 0.6948 0.4998
vt 0.6950 0.4998
vt 0.6947 0.3318
vt 0.6947 0.3318
vt 0.6950 0.4998
vt 0.6952 0.4998
vt 0.8483 0.3341
vt 0.8483 0.3341
vt 0.6952 0.4998
vt 0.6952 0.4998
vt 0.8662 0.3419
vt 0.8662 0.3419
vt 0.6952 0.4998
vt 0.6953 0.4998
vt 0.8747 0.3585
vt 0.8747 0.3585
vt 0.6953 0.4998
vt 0.6953 0.5000
vt 0.8773 0.5000
f 367/1305 383/1306 384/1307 368/1308
f 368/1309 384/1310 385/1311 369/1312
f 369/1313 385/1314 386/1315 370/1316
f 370/1317 386/1318 387/1319 371/1320
f 371/1321 387/1322 388/1323 372/1324
f 372/1325 388/1326 389/1327 373/1328
f 373/1329 389/1330 390/1331 374/1332
f 374/1333 390/1334 391/1335 375/1336
f 375/1337 391/1338 392/1339 376/1340
f 376/1341 392/1342 393/1343 377/1344
f 377/1345 393/1346 394/1347 378/1348
f 378/1349 394/1350 395/1351 379/1352
f 379/1353 395/1354 396/1355 380/1356
f 380/1357 396/1358 397/1359 381/1360
f 381/1361 397/1362 398/1363 382/1364
f 382/1365 398/1366 383/1367 367/1368
f 383/1369 399/1370 400/1371 384/1372
f 384/1373 400/1374 401/1375 385/1376
f 385/1377 401/1378 402/1379 386/1380
f 386/1381 402/1382 403/1383 387/1384
f 387/1385 403/1386 404/1387 388/1388
f 388/1389 404/1390 405/1391 389/1392
f 389/1393 405/1394 406/1395 390/1396
f 390/1397 406/1398 407/1399 391/1400
f 391/1401 407/1402 408/1403 392/1404
f 392/1405 408/1406 409/1407 393/1408
f 393/1409 409/1410 410/1411 394/1412
f 394/1413 410/1414 411/1415 395/1416
f 395/1417 411/1418 412/1419 396/1420
f 396/1421 412/1422 413/1423 397/1424
f 397/1425 413/1426 414/1427 398/1428
f 398/1429 414/1430 399/1431 383/1432
f 399/1433 415/1434 416/1435 400/1436
f 400/1437 416/1438 417/1439 401/1440
f 401/1441 417/1442 418/1443 402/1444
f 402/1445 418/1446 419/1447 403/1448
f 403/1449 419/1450 420/1451 404/1452
f 404/1453 420/1454 421/1455 405/1456
f 405/1457 421/1458 422/1459 406/1460
f 406/1461 422/1462 423/1463 407/1464
f 407/1465 423/1466 424/1467 408/1468
f 408/1469 424/1470 425/1471 409/1472
f 409/1473 425/1474 426/1475 410/1476
f 410/1477 426/1478 427/1479 411/1480
f 411/1481 427/1482 428/1483 412/1484
f 412/1485 428/1486 429/1487 413/1488
f 413/1489 429/1490 430/1491 414/1492
f 414/1493 430/1494 415/1495 399/1496
f 415/1497 431/1498 432/1499 416/1500
f 416/1501 432/1502 433/1503 417/1504
f 417/1505 433/1506 434/1507 418/1508
f 418/1509 434/1510 435/1511 419/1512
f 419/1513 435/1514 436/1515 420/1516
f 420/1517 436/1518 437/1519 421/1520
f 421/1521 437/1522 438/1523 422/1524
f 422/1525 438/1526 439/1527 423/1528
f 423/1529 439/1530 440/1531 424/1532
f 424/1533 440/1534 441/1535 425/1536
f 425/1537 441/1538 442/1539 426/1540
f 426/1541 442/1542 443/1543 427/1544
f 427/1545 443/1546 444/1547 428/1548
f 428/1549 444/1550 445/1551 429/1552
f 429/1553 445/1554 446/1555 430/1556
f 430/1557 446/1558 431/1559 415/1560
f 431/1561 447/1562 448/1563 432/1564
f 432/1565 448/1566 449/1567 433/1568
f 433/1569 449/1570 450/1571 434/1572
f 434/1573 450/1574 451/1575 435/1576
f 435/1577 451/1578 452/1579 436/1580
f 436/1581 452/1582 453/1583 437/1584
f 437/1585 453/1586 454/1587 438/1588
f 438/1589 454/1590 455/1591 439/1592
f 439/1593 455/1594 456/1595 440/1596
f 440/1597 456/1598 457/1599 441/1600
f 441/1601 457/1602 458/1603 442/1604
f 442/1605 458/1606 459/1607 443/1608
f 443/1609 459/1610 460/1611 444/1612
f 444/1613 460/1614 461/1615 445/1616
f 445/1617 461/1618 462/1619 446/1620
f 446/1621 462/1622 447/1623 431/1624
f 447/1625 463/1626 464/1627 448/1628
f 448/1629 464/1630 465/1631 449/1632
f 449/1633 465/1634 466/1635 450/1636
f 450/1637 466/1638 467/1639 451/1640
f 451/1641 467/1642 468/1643 452/1644
f 452/1645 468/1646 469/1647 453/1648
f 453/1649 469/1650 470/1651 454/1652
f 454/1653 470/1654 471/1655 455/1656
f 455/1657 471/1658 472/1659 456/1660
f 456/1661 472/1662 473/1663 457/1664
f 457/1665 473/1666 474/1667 458/1668
f 458/1669 474/1670 475/1671 459/1672
f 459/1673 475/1674 476/1675 460/1676
f 460/1677 476/1678 477/1679 461/1680
f 461/1681 477/1682 478/1683 462/1684
f 462/1685 478/1686 463/1687 447/1688
f 463/1689 479/1690 480/1691 464/1692
f 464/1693 480/1694 481/1695 465/1696
f 465/1697 481/1698 482/1699 466/1700
f 466/1701 482/1702 483/1703 467/1704
f 467/1705 483/1706 484/1707 468/1708
f 468/1709 484/1710 485/1711 469/1712
f 469/1713 485/1714 486/1715 470/1716
f 470/1717 486/1718 487/1719 471/1720
f 471/1721 487/1722 488/1723 472/1724
f 472/1725 488/1726 489/1727 473/1728
f 473/1729 489/1730 490/1731 474/1732
f 474/1733 490/1734 491/1735 475/1736
f 475/1737 491/1738 492/1739 476/1740
f 476/1741 492/1742 493/1743 477/1744
f 477/1745 493/1746 494/1747 478/1748
f 478/1749 494/1750 479/1751 463/1752
f 479/1753 495/1754 496/1755 480/1756
f 480/1757 496/1758 497/1759 481/1760
f 481/1761 497/1762 498/1763 482/1764
f 482/1765 498/1766 499/1767 483/1768
f 483/1769 499/1770 500/1771 484/1772
f 484/1773 500/1774 501/1775 485/1776
f 485/1777 501/1778 502/1779 486/1780
f 486/1781 502/1782 503/1783 487/1784
f 487/1785 503/1786 504/1787 488/1788
f 488/1789 504/1790 505/1791 489/1792
f 489/1793 505/1794 506/1795 490/1796
f 490/1797 506/1798 507/1799 491/1800
f 491/1801 507/1802 508/1803 492/1804
f 492/1805 508/1806 509/1807 493/1808
f 493/1809 509/1810 510/1811 494/1812
f 494/1813 510/1814 495/1815 479/1816
o Bench_Belt_2_Left
v 0.5106 0.3670 0.5489
v 0.5260 0.3670 0.5911
v 0.5260 0.3710 0.5911
v 0.5106 0.3710 0.5489
v 0.5312 0.3670 0.5414
v 0.5466 0.3670 0.5836
v 0.5466 0.3710 0.5836
v 0.5312 0.3710 0.5414
v 0.5518 0.3670 0.5339
v 0.5672 0.3670 0.5761
v 0.5672 0.3710 0.5761
v 0.5518 0.3710 0.5339
v 0.5724 0.3670 0.5264
v 0.5878 0.3670 0.5686
v 0.5878 0.3710 0.5686
v 0.5724 0.3710 0.5264
v 0.5930 0.3670 0.5189
v 0.6084 0.3670 0.5611
v 0.6084 0.3710 0.5611
v 0.5930 0.3710 0.5189
v 0.6135 0.3670 0.5114
v 0.6290 0.3670 0.5536
v 0.6290 0.3710 0.5536
v 0.6135 0.3710 0.5114
v 0.6341 0.3670 0.5039
v 0.6495 0.3670 0.5461
v 0.6495 0.3710 0.5461
v 0.6341 0.3710 0.5039
v 0.6547 0.3670 0.4964
v 0.6701 0.3670 0.5386
v 0.6701 0.3710 0.5386
v 0.6547 0.3710 0.4964
v 0.6753 0.3670 0.4889
v 0.6907 0.3670 0.5311
v 0.6907 0.3710 0.5311
v 0.6753 0.3710 0.4889
vt 0.5312 0.5414
vt 0.5466 0.5836
vt 0.5260 0.5911
vt 0.5106 0.5489
vt 0.5466 0.3670
vt 0.5466 0.3710
vt 0.5260 0.3710
vt 0.5260 0.3670
vt 0.5466 0.5836
vt 0.5312 0.5414
vt 0.5106 0.5489
vt 0.5260 0.5911
vt 0.5312 0.3710
vt 0.5312 0.3670
vt 0.5106 0.3670
vt 0.5106 0.3710
vt 0.5518 0.5339
vt 0.5672 0.5761
vt 0.5466 0.5836
vt 0.5312 0.5414
vt 0.5672 0.3670
vt 0.5672 0.3710
vt 0.5466 0.3710
vt 0.5466 0.3670
vt 0.5672 0.5761
vt 0.5518 0.5339
vt 0.5312 0.5414
vt 0.5466 0.5836
vt 0.5518 0.3710
vt 0.5518 0.3670
vt 0.5312 0.3670
vt 0.5312 0.3710
vt 0.5724 0.5264
vt 0.5878 0.5686
vt 0.5672 0.5761
vt 0.5518 0.5339
vt 0.5878 0.3670
vt 0.5878 0.3710
vt 0.5672 0.3710
vt 0.5672 0.3670
vt 0.5878 0.5686
vt 0.5724 0.5264
vt 0.5518 0.5339
vt 0.5672 0.5761
vt 0.5724 0.3710
vt 0.5724 0.3670
vt 0.5518 0.3670
vt 0.5518 0.3710
vt 0.5930 0.5189
vt 0.6084 0.5611
vt 0.5878 0.5686
vt 0.5724 0.5264
vt 0.6084 0.3670
vt 0.6084 0.3710
vt 0.5878 0.3710
vt 0.5878 0.3670
vt 0.6084 0.5611
vt 0.5930 0.5189
vt 0.5724 0.5264
vt 0.5878 0.5686
vt 0.5930 0.3710
vt 0.5930 0.3670
vt 0.5724 0.3670
vt 0.5724 0.3710
vt 0.6135 0.5114
vt 0.6290 0.5536
vt 0.6084 0.5611
vt 0.5930 0.5189
vt 0.6290 0.3670
vt 0.6290 0.3710
vt 0.6084 0.3710
vt 0.6084 0.3670
vt 0.6290 0.5536
vt 0.6135 0.5114
vt 0.5930 0.5189
vt 0.6084 0.5611
vt 0.6135 0.3710
vt 0.6135 0.3670
vt 0.5930 0.3670
vt 0.5930 0.3710
vt 0.6341 0.5039
vt 0.6495 0.5461
vt 0.6290 0.5536
vt 0.6135 0.5114
vt 0.6495 0.3670
vt 0.6495 0.3710
vt 0.6290 0.3710
vt 0.6290 0.3670
vt 0.6495 0.5461
vt 0.6341 0.5039
vt 0.6135 0.5114
vt 0.6290 0.5536
vt 0.6341 0.3710
vt 0.6341 0.3670
vt 0.6135 0.3670
vt 0.6135 0.3710
vt 0.6547 0.4964
vt 0.6701 0.5386
vt 0.6495 0.5461
vt 0.6341 0.5039
vt 0.6701 0.3670
vt 0.6701 0.3710
vt 0.6495 0.3710
vt 0.6495 0.3670
vt 0.6701 0.5386
vt 0.6547 0.4964
vt 0.6341 0.5039
vt 0.6495 0.5461
vt 0.6547 0.3710
vt 0.6547 0.3670
vt 0.6341 0.3670
vt 0.6341 0.3710
vt 0.6753 0.4889
vt 0.6907 0.5311
vt 0.6701 0.5386
vt 0.6547 0.4964
vt 0.6907 0.3670
vt 0.6907 0.3710
vt 0.6701 0.3710
vt 0.6701 0.3670
vt 0.6907 0.5311
vt 0.6753 0.4889
vt 0.6547 0.4964
vt 0.6701 0.5386
vt 0.6753 0.3710
vt 0.6753 0.3670
vt 0.6547 0.3670
vt 0.6547 0.3710
vt 0.5489 0.3710
vt 0.5911 0.3710
vt 0.5911 0.3670
vt 0.5489 0.3670
vt 0.4889 0.3670
vt 0.5311 0.3670
vt 0.5311 0.3710
vt 0.4889 0.3710
f 515/1817 516/1818 512/1819 511/1820
f 516/1821 517/1822 513/1823 512/1824
f 517/1825 518/1826 514/1827 513/1828
f 518/1829 515/1830 511/1831 514/1832
f 519/1833 520/1834 516/1835 515/1836
f 520/1837 521/1838 517/1839 516/1840
f 521/1841 522/1842 518/1843 517/1844
f 522/1845 519/1846 515/1847 518/1848
f 523/1849 524/1850 520/1851 519/1852
f 524/1853 525/1854 521/1855 520/1856
f 525/1857 526/1858 522/1859 521/1860
f 526/1861 523/1862 519/1863 522/1864
f 527/1865 528/1866 524/1867 523/1868
f 528/1869 529/1870 525/1871 524/1872
f 529/1873 530/1874 526/1875 525/1876
f 530/1877 527/1878 523/1879 526/1880
f 531/1881 532/1882 528/1883 527/1884
f 532/1885 533/1886 529/1887 528/1888
f 533/1889 534/1890 530/1891 529/1892
f 534/1893 531/1894 527/1895 530/1896
f 535/1897 536/1898 532/1899 531/1900
f 536/1901 537/1902 533/1903 532/1904
f 537/1905 538/1906 534/1907 533/1908
f 538/1909 535/1910 531/1911 534/1912
f 539/1913 540/1914 536/1915 535/1916
f 540/1917 541/1918 537/1919 536/1920
f 541/1921 542/1922 538/1923 537/1924
f 542/1925 539/1926 535/1927 538/1928
f 543/1929 544/1930 540/1931 539/1932
f 544/1933 545/1934 541/1935 540/1936
f 545/1937 546/1938 542/1939 541/1940
f 546/1941 543/1942 539/1943 542/1944
f 514/1945 513/1946 512/1947 511/1948
f 543/1949 544/1950 545/1951 546/1952
o Bench_Belt_2_Right
v 0.8640 0.3670 0.5911
v 0.8794 0.3670 0.5489
v 0.8794 0.3710 0.5489
v 0.8640 0.3710 0.5911
v 0.8434 0.3670 0.5836
v 0.8588 0.3670 0.5414
v 0.8588 0.3710 0.5414
v 0.8434 0.3710 0.5836
v 0.8228 0.3670 0.5761
v 0.8382 0.3670 0.5339
v 0.8382 0.3710 0.5339
v 0.8228 0.3710 0.5761
v 0.8022 0.3670 0.5686
v 0.8176 0.3670 0.5264
v 0.8176 0.3710 0.5264
v 0.8022 0.3710 0.5686
v 0.7816 0.3670 0.5611
v 0.7970 0.3670 0.5189
v 0.7970 0.3710 0.5189
v 0.7816 0.3710 0.5611
v 0.7610 0.3670 0.5536
v 0.7765 0.3670 0.5114
v 0.7765 0.3710 0.5114
v 0.7610 0.3710 0.5536
v 0.7405 0.3670 0.5461
v 0.7559 0.3670 0.5039
v 0.7559 0.3710 0.5039
v 0.7405 0.3710 0.5461
v 0.7199 0.3670 0.5386
v 0.7353 0.3670 0.4964
v 0.7353 0.3710 0.4964
v 0.7199 0.3710 0.5386
v 0.6967 0.3590 0.5382
v 0.7173 0.3590 0.4818
v 0.7173 0.3790 0.4818
v 0.6967 0.3790 0.5382
vt 0.8434 0.5836
vt 0.8588 0.5414
vt 0.8794 0.5489
vt 0.8640 0.5911
vt 0.8588 0.3670
vt 0.8588 0.3710
vt 0.8794 0.3710
vt 0.8794 0.3670
vt 0.8588 0.5414
vt 0.8434 0.5836
vt 0.8640 0.5911
vt 0.8794 0.5489
vt 0.8434 0.3710
vt 0.8434 0.3670
vt 0.8640 0.3670
vt 0.8640 0.3710
vt 0.8228 0.5761
vt 0.8382 0.5339
vt 0.8588 0.5414
vt 0.8434 0.5836
vt 0.8382 0.3670
vt 0.8382 0.3710
vt 0.8588 0.3710
vt 0.8588 0.3670
vt 0.8382 0.5339
vt 0.8228 0.5761
vt 0.8434 0.5836
vt 0.8588 0.5414
vt 0.8228 0.3710
vt 0.8228 0.3670
vt 0.8434 0.3670
vt 0.8434 0.3710
vt 0.8022 0.5686
vt 0.8176 0.5264
vt 0.8382 0.5339
vt 0.8228 0.5761
vt 0.8176 0.3670
vt 0.8176 0.3710
vt 0.8382 0.3710
vt 0.8382 0.3670
vt 0.8176 0.5264
vt 0.8022 0.5686
vt 0.8228 0.5761
vt 0.8382 0.5339
vt 0.8022 0.3710
vt 0.8022 0.3670
vt 0.8228 0.3670
vt 0.8228 0.3710
vt 0.7816 0.5611
vt 0.7970 0.5189
vt 0.8176 0.5264
vt 0.8022 0.5686
vt 0.7970 0.3670
vt 0.7970 0.3710
vt 0.8176 0.3710
vt 0.8176 0.3670
vt 0.7970 0.5189
vt 0.7816 0.5611
vt 0.8022 0.5686
vt 0.8176 0.5264
vt 0.7816 0.3710
vt 0.7816 0.3670
vt 0.8022 0.3670
vt 0.8022 0.3710
vt 0.7610 0.5536
vt 0.7765 0.5114
vt 0.7970 0.5189
vt 0.7816 0.5611
vt 0.7765 0.3670
vt 0.7765 0.3710
vt 0.7970 0.3710
vt 0.7970 0.3670
vt 0.7765 0.5114
vt 0.7610 0.5536
vt 0.7816 0.5611
vt 0.7970 0.5189
vt 0.7610 0.3710
vt 0.7610 0.3670
vt 0.7816 0.3670
vt 0.7816 0.3710
vt 0.7405 0.5461
vt 0.7559 0.5039
vt 0.7765 0.5114
vt 0.7610 0.5536
vt 0.7559 0.3670
vt 0.7559 0.3710
vt 0.7765 0.3710
vt 0.7765 0.3670
vt 0.7559 0.5039
vt 0.7405 0.5461
vt 0.7610 0.5536
vt 0.7765 0.5114
vt 0.7405 0.3710
vt 0.7405 0.3670
vt 0.7610 0.3670
vt 0.7610 0.3710
vt 0.7199 0.5386
vt 0.7353 0.4964
vt 0.7559 0.5039
vt 0.7405 0.5461
vt 0.7353 0.3670
vt 0.7353 0.3710
vt 0.7559 0.3710
vt 0.7559 0.3670
vt 0.7353 0.4964
vt 0.7199 0.5386
vt 0.7405 0.5461
vt 0.7559 0.5039
vt 0.7199 0.3710
vt 0.7199 0.3670
vt 0.7405 0.3670
vt 0.7405 0.3710
vt 0.6967 0.5382
vt 0.7173 0.4818
vt 0.7353 0.4964
vt 0.7199 0.5386
vt 0.7173 0.3590
vt 0.7173 0.3790
vt 0.7353 0.3710
vt 0.7353 0.3670
vt 0.7173 0.4818
vt 0.6967 0.5382
vt 0.7199 0.5386
vt 0.7353 0.4964
vt 0.6967 0.3790
vt 0.6967 0.3590
vt 0.7199 0.3670
vt 0.7199 0.3710
vt 0.5911 0.3710
vt 0.5489 0.3710
vt 0.5489 0.3670
vt 0.5911 0.3670
vt 0.5382 0.3590
vt 0.4818 0.3590
vt 0.4818 0.3790
vt 0.5382 0.3790
f 551/1953 552/1954 548/1955 547/1956
f 552/1957 553/1958 549/1959 548/1960
f 553/1961 554/1962 550/1963 549/1964
f 554/1965 551/1966 547/1967 550/1968
f 555/1969 556/1970 552/1971 551/1972
f 556/1973 557/1974 553/1975 552/1976
f 557/1977 558/1978 554/1979 553/1980
f 558/1981 555/1982 551/1983 554/1984
f 559/1985 560/1986 556/1987 555/1988
f 560/1989 561/1990 557/1991 556/1992
f 561/1993 562/1994 558/1995 557/1996
f 562/1997 559/1998 555/1999 558/2000
f 563/2001 564/2002 560/2003 559/2004
f 564/2005 565/2006 561/2007 560/2008
f 565/2009 566/2010 562/2011 561/2012
f 566/2013 563/2014 559/2015 562/2016
f 567/2017 568/2018 564/2019 563/2020
f 568/2021 569/2022 565/2023 564/2024
f 569/2025 570/2026 566/2027 565/2028
f 570/2029 567/2030 563/2031 566/2032
f 571/2033 572/2034 568/2035 567/2036
f 572/2037 573/2038 569/2039 568/2040
f 573/2041 574/2042 570/2043 569/2044
f 574/2045 571/2046 567/2047 570/2048
f 575/2049 576/2050 572/2051 571/2052
f 576/2053 577/2054 573/2055 572/2056
f 577/2057 578/2058 574/2059 573/2060
f 578/2061 575/2062 571/2063 574/2064
f 579/2065 580/2066 576/2067 575/2068
f 580/2069 581/2070 577/2071 576/2072
f 581/2073 582/2074 578/2075 577/2076
f 582/2077 579/2078 575/2079 578/2080
f 550/2081 549/2082 548/2083 547/2084
f 579/2085 580/2086 581/2087 582/2088
o Bench_Back_2
v 0.6956 0.3000 0.6450
v 0.6955 0.3000 0.6451
v 0.6955 0.3000 0.6451
v 0.6954 0.3000 0.6451
v 0.6946 0.3000 0.6451
v 0.6945 0.3000 0.6451
v 0.6945 0.3000 0.6451
v 0.6944 0.3000 0.6450
v 0.6945 0.3000 0.6449
v 0.6945 0.3000 0.6449
v 0.6946 0.3000 0.6449
v 0.6954 0.3000 0.6449
v 0.6955 0.3000 0.6449
v 0.6955 0.3000 0.6449
v 0.8808 0.3033 0.6450
v 0.8777 0.3033 0.6863
v 0.8673 0.3033 0.6903
v 0.8411 0.3033 0.6920
v 0.5489 0.3033 0.6920
v 0.5227 0.3033 0.6903
v 0.5123 0.3033 0.6863
v 0.5092 0.3033 0.6451
v 0.5123 0.3033 0.6037
v 0.5227 0.3033 0.5997
v 0.5489 0.3033 0.5980
v 0.8411 0.3033 0.5980
v 0.8673 0.3033 0.5997
v 0.8777 0.3033 0.6037
v 0.9000 0.3140 0.6450
v 0.8966 0.3140 0.6905
v 0.8851 0.3140 0.6950
v 0.8562 0.3140 0.6968
v 0.5338 0.3140 0.6968
v 0.5049 0.3140 0.6950
v 0.4934 0.3140 0.6905
v 0.4900 0.3140 0.6451
v 0.4934 0.3140 0.5995
v 0.5049 0.3140 0.5950
v 0.5338 0.3140 0.5932
v 0.8562 0.3140 0.5932
v 0.8851 0.3140 0.5950
v 0.8966 0.3140 0.5995
v 0.9089 0.3370 0.6450
v 0.9054 0.3370 0.6925
v 0.8934 0.3370 0.6972
v 0.8632 0.3370 0.6991
v 0.5268 0.3370 0.6991
v 0.4966 0.3370 0.6972
v 0.4846 0.3370 0.6925
v 0.4811 0.3370 0.6452
v 0.4846 0.3370 0.5975
v 0.4966 0.3370 0.5928
v 0.5268 0.3370 0.5909
v 0.8632 0.3370 0.5909
v 0.8934 0.3370 0.5928
v 0.9054 0.3370 0.5975
v 0.9117 0.5600 0.6450
v 0.9081 0.5600 0.6931
v 0.8959 0.5600 0.6979
v 0.8654 0.5600 0.6998
v 0.5246 0.5600 0.6998
v 0.4941 0.5600 0.6979
v 0.4819 0.5600 0.6931
v 0.4783 0.5600 0.6452
v 0.4819 0.5600 0.5969
v 0.4941 0.5600 0.5921
v 0.5246 0.5600 0.5902
v 0.8654 0.5600 0.5902
v 0.8959 0.5600 0.5921
v 0.9081 0.5600 0.5969
v 0.9089 0.7830 0.6450
v 0.9054 0.7830 0.6925
v 0.8934 0.7830 0.6972
v 0.8632 0.7830 0.6991
v 0.5268 0.7830 0.6991
v 0.4966 0.7830 0.6972
v 0.4846 0.7830 0.6925
v 0.4811 0.7830 0.6452
v 0.4846 0.7830 0.5975
v 0.4966 0.7830 0.5928
v 0.5268 0.7830 0.5909
v 0.8632 0.7830 0.5909
v 0.8934 0.7830 0.5928
v 0.9054 0.7830 0.5975
v 0.9000 0.8060 0.6450
v 0.8966 0.8060 0.6905
v 0.8851 0.8060 0.6950
v 0.8562 0.8060 0.6968
v 0.5338 0.8060 0.6968
v 0.5049 0.8060 0.6950
v 0.4934 0.8060 0.6905
v 0.4900 0.8060 0.6451
v 0.4934 0.8060 0.5995
v 0.5049 0.8060 0.5950
v 0.5338 0.8060 0.5932
v 0.8562 0.8060 0.5932
v 0.8851 0.8060 0.5950
v 0.8966 0.8060 0.5995
v 0.8808 0.8167 0.6450
v 0.8777 0.8167 0.6863
v 0.8673 0.8167 0.6903
v 0.8411 0.8167 0.6920
v 0.5489 0.8167 0.6920
v 0.5227 0.8167 0.6903
v 0.5123 0.8167 0.6863
v 0.5092 0.8167 0.6451
v 0.5123 0.8167 0.6037
v 0.5227 0.8167 0.5997
v 0.5489 0.8167 0.5980
v 0.8411 0.8167 0.5980
v 0.8673 0.8167 0.5997
v 0.8777 0.8167 0.6037
v 0.6956 0.8200 0.6450
v 0.6955 0.8200 0.6451
v 0.6955 0.8200 0.6451
v 0.6954 0.8200 0.6451
v 0.6946 0.8200 0.6451
v 0.6945 0.8200 0.6451
v 0.6945 0.8200 0.6451
v 0.6944 0.8200 0.6450
v 0.6945 0.8200 0.6449
v 0.6945 0.8200 0.6449
v 0.6946 0.8200 0.6449
v 0.6954 0.8200 0.6449
v 0.6955 0.8200 0.6449
v 0.6955 0.8200 0.6449
vt 0.6956 0.6450
vt 0.8808 0.6450
vt 0.8777 0.6863
vt 0.6955 0.6451
vt 0.6955 0.6451
vt 0.8777 0.6863
vt 0.8673 0.6903
vt 0.6955 0.6451
vt 0.6955 0.6451
vt 0.8673 0.6903
vt 0.8411 0.6920
vt 0.6954 0.6451
vt 0.6954 0.6451
vt 0.8411 0.6920
vt 0.5489 0.6920
vt 0.6946 0.6451
vt 0.6946 0.6451
vt 0.5489 0.6920
vt 0.5227 0.6903
vt 0.6945 0.6451
vt 0.6945 0.6451
vt 0.5227 0.6903
vt 0.5123 0.6863
vt 0.6945 0.6451
vt 0.6945 0.6451
vt 0.5123 0.6863
vt 0.5092 0.6451
vt 0.6944 0.6450
vt 0.6944 0.6450
vt 0.5092 0.6451
vt 0.5123 0.6037
vt 0.6945 0.6449
vt 0.6945 0.6449
vt 0.5123 0.6037
vt 0.5227 0.5997
vt 0.6945 0.6449
vt 0.6945 0.6449
vt 0.5227 0.5997
vt 0.5489 0.5980
vt 0.6946 0.6449
vt 0.6946 0.6449
vt 0.5489 0.5980
vt 0.8411 0.5980
vt 0.6954 0.6449
vt 0.6954 0.6449
vt 0.8411 0.5980
vt 0.8673 0.5997
vt 0.6955 0.6449
vt 0.6955 0.6449
vt 0.8673 0.5997
vt 0.8777 0.6037
vt 0.6955 0.6449
vt 0.6955 0.6449
vt 0.8777 0.6037
vt 0.8808 0.6450
vt 0.6956 0.6450
vt 0.8808 0.6450
vt 0.9000 0.6450
vt 0.8966 0.6905
vt 0.8777 0.6863
vt 0.8777 0.6863
vt 0.8966 0.6905
vt 0.8851 0.6950
vt 0.8673 0.6903
vt 0.8673 0.3033
vt 0.8851 0.3140
vt 0.8562 0.3140
vt 0.8411 0.3033
vt 0.8411 0.3033
vt 0.8562 0.3140
vt 0.5338 0.3140
vt 0.5489 0.3033
vt 0.5489 0.3033
vt 0.5338 0.3140
vt 0.5049 0.3140
vt 0.5227 0.3033
vt 0.5227 0.6903
vt 0.5049 0.6950
vt 0.4934 0.6905
vt 0.5123 0.6863
vt 0.5123 0.6863
vt 0.4934 0.6905
vt 0.4900 0.6451
vt 0.5092 0.6451
vt 0.5092 0.6451
vt 0.4900 0.6451
vt 0.4934 0.5995
vt 0.5123 0.6037
vt 0.5123 0.6037
vt 0.4934 0.5995
vt 0.5049 0.5950
vt 0.5227 0.5997
vt 0.5227 0.3033
vt 0.5049 0.3140
vt 0.5338 0.3140
vt 0.5489 0.3033
vt 0.5489 0.3033
vt 0.5338 0.3140
vt 0.8562 0.3140
vt 0.8411 0.3033
vt 0.8411 0.3033
vt 0.8562 0.3140
vt 0.8851 0.3140
vt 0.8673 0.3033
vt 0.8673 0.5997
vt 0.8851 0.5950
vt 0.8966 0.5995
vt 0.8777 0.6037
vt 0.8777 0.6037
vt 0.8966 0.5995
vt 0.9000 0.6450
vt 0.8808 0.6450
vt 0.6450 0.3140
vt 0.6450 0.3370
vt 0.6925 0.3370
vt 0.6905 0.3140
vt 0.8966 0.3140
vt 0.9054 0.3370
vt 0.8934 0.3370
vt 0.8851 0.3140
vt 0.8851 0.3140
vt 0.8934 0.3370
vt 0.8632 0.3370
vt 0.8562 0.3140
vt 0.8562 0.3140
vt 0.8632 0.3370
vt 0.5268 0.3370
vt 0.5338 0.3140
vt 0.5338 0.3140
vt 0.5268 0.3370
vt 0.4966 0.3370
vt 0.5049 0.3140
vt 0.5049 0.3140
vt 0.4966 0.3370
vt 0.4846 0.3370
vt 0.4934 0.3140
vt 0.6905 0.3140
vt 0.6925 0.3370
vt 0.6452 0.3370
vt 0.6451 0.3140
vt 0.6451 0.3140
vt 0.6452 0.3370
vt 0.5975 0.3370
vt 0.5995 0.3140
vt 0.4934 0.3140
vt 0.4846 0.3370
vt 0.4966 0.3370
vt 0.5049 0.3140
vt 0.5049 0.3140
vt 0.4966 0.3370
vt 0.5268 0.3370
vt 0.5338 0.3140
vt 0.5338 0.3140
vt 0.5268 0.3370
vt 0.8632 0.3370
vt 0.8562 0.3140
vt 0.8562 0.3140
vt 0.8632 0.3370
vt 0.8934 0.3370
vt 0.8851 0.3140
vt 0.8851 0.3140
vt 0.8934 0.3370
vt 0.9054 0.3370
vt 0.8966 0.3140
vt 0.5995 0.3140
vt 0.5975 0.3370
vt 0.6450 0.3370
vt 0.6450 0.3140
vt 0.6450 0.3370
vt 0.6450 0.5600
vt 0.6931 0.5600
vt 0.6925 0.3370
vt 0.9054 0.3370
vt 0.9081 0.5600
vt 0.8959 0.5600
vt 0.8934 0.3370
vt 0.8934 0.3370
vt 0.8959 0.5600
vt 0.8654 0.5600
vt 0.8632 0.3370
vt 0.8632 0.3370
vt 0.8654 0.5600
vt 0.5246 0.5600
vt 0.5268 0.3370
vt 0.5268 0.3370
vt 0.5246 0.5600
vt 0.4941 0.5600
vt 0.4966 0.3370
vt 0.4966 0.3370
vt 0.4941 0.5600
vt 0.4819 0.5600
vt 0.4846 0.3370
vt 0.6925 0.3370
vt 0.6931 0.5600
vt 0.6452 0.5600
vt 0.6452 0.3370
vt 0.6452 0.3370
vt 0.6452 0.5600
vt 0.5969 0.5600
vt 0.5975 0.3370
vt 0.4846 0.3370
vt 0.4819 0.5600
vt 0.4941 0.5600
vt 0.4966 0.3370
vt 0.4966 0.3370
vt 0.4941 0.5600
vt 0.5246 0.5600
vt 0.5268 0.3370
vt 0.5268 0.3370
vt 0.5246 0.5600
vt 0.8654 0.5600
vt 0.8632 0.3370
vt 0.8632 0.3370
vt 0.8654 0.5600
vt 0.8959 0.5600
vt 0.8934 0.3370
vt 0.8934 0.3370
vt 0.8959 0.5600
vt 0.9081 0.5600
vt 0.9054 0.3370
vt 0.5975 0.3370
vt 0.5969 0.5600
vt 0.6450 0.5600
vt 0.6450 0.3370
vt 0.6450 0.5600
vt 0.6450 0.7830
vt 0.6925 0.7830
vt 0.6931 0.5600
vt 0.9081 0.5600
vt 0.9054 0.7830
vt 0.8934 0.7830
vt 0.8959 0.5600
vt 0.8959 0.5600
vt 0.8934 0.7830
vt 0.8632 0.7830
vt 0.8654 0.5600
vt 0.8654 0.5600
vt 0.8632 0.7830
vt 0.5268 0.7830
vt 0.5246 0.5600
vt 0.5246 0.5600
vt 0.5268 0.7830
vt 0.4966 0.7830
vt 0.4941 0.5600
vt 0.4941 0.5600
vt 0.4966 0.7830
vt 0.4846 0.7830
vt 0.4819 0.5600
vt 0.6931 0.5600
vt 0.6925 0.7830
vt 0.6452 0.7830
vt 0.6452 0.5600
vt 0.6452 0.5600
vt 0.6452 0.7830
vt 0.5975 0.7830
vt 0.5969 0.5600
vt 0.4819 0.5600
vt 0.4846 0.7830
vt 0.4966 0.7830
vt 0.4941 0.5600
vt 0.4941 0.5600
vt 0.4966 0.7830
vt 0.5268 0.7830
vt 0.5246 0.5600
vt 0.5246 0.5600
vt 0.5268 0.7830
vt 0.8632 0.7830
vt 0.8654 0.5600
vt 0.8654 0.5600
vt 0.8632 0.7830
vt 0.8934 0.7830
vt 0.8959 0.5600
vt 0.8959 0.5600
vt 0.8934 0.7830
vt 0.9054 0.7830
vt 0.9081 0.5600
vt 0.5969 0.5600
vt 0.5975 0.7830
vt 0.6450 0.7830
vt 0.6450 0.5600
vt 0.6450 0.7830
vt 0.6450 0.8060
vt 0.6905 0.8060
vt 0.6925 0.7830
vt 0.9054 0.7830
vt 0.8966 0.8060
vt 0.8851 0.8060
vt 0.8934 0.7830
vt 0.8934 0.7830
vt 0.8851 0.8060
vt 0.8562 0.8060
vt 0.8632 0.7830
vt 0.8632 0.7830
vt 0.8562 0.8060
vt 0.5338 0.8060
vt 0.5268 0.7830
vt 0.5268 0.7830
vt 0.5338 0.8060
vt 0.5049 0.8060
vt 0.4966 0.7830
vt 0.4966 0.7830
vt 0.5049 0.8060
vt 0.4934 0.8060
vt 0.4846 0.7830
vt 0.6925 0.7830
vt 0.6905 0.8060
vt 0.6451 0.8060
vt 0.6452 0.7830
vt 0.6452 0.7830
vt 0.6451 0.8060
vt 0.5995 0.8060
vt 0.5975 0.7830
vt 0.4846 0.7830
vt 0.4934 0.8060
vt 0.5049 0.8060
vt 0.4966 0.7830
vt 0.4966 0.7830
vt 0.5049 0.8060
vt 0.5338 0.8060
vt 0.5268 0.7830
vt 0.5268 0.7830
vt 0.5338 0.8060
vt 0.8562 0.8060
vt 0.8632 0.7830
vt 0.8632 0.7830
vt 0.8562 0.8060
vt 0.8851 0.8060
vt 0.8934 0.7830
vt 0.8934 0.7830
vt 0.8851 0.8060
vt 0.8966 0.8060
vt 0.9054 0.7830
vt 0.5975 0.7830
vt 0.5995 0.8060
vt 0.6450 0.8060
vt 0.6450 0.7830
vt 0.9000 0.6450
vt 0.8808 0.6450
vt 0.8777 0.6863
vt 0.8966 0.6905
vt 0.8966 0.6905
vt 0.8777 0.6863
vt 0.8673 0.6903
vt 0.8851 0.6950
vt 0.8851 0.8060
vt 0.8673 0.8167
vt 0.8411 0.8167
vt 0.8562 0.8060
vt 0.8562 0.8060
vt 0.8411 0.8167
vt 0.5489 0.8167
vt 0.5338 0.8060
vt 0.5338 0.8060
vt 0.5489 0.8167
vt 0.5227 0.8167
vt 0.5049 0.8060
vt 0.5049 0.6950
vt 0.5227 0.6903
vt 0.5123 0.6863
vt 0.4934 0.6905
vt 0.4934 0.6905
vt 0.5123 0.6863
vt 0.5092 0.6451
vt 0.4900 0.6451
vt 0.4900 0.6451
vt 0.5092 0.6451
vt 0.5123 0.6037
vt 0.4934 0.5995
vt 0.4934 0.5995
vt 0.5123 0.6037
vt 0.5227 0.5997
vt 0.5049 0.5950
vt 0.5049 0.8060
vt 0.5227 0.8167
vt 0.5489 0.8167
vt 0.5338 0.8060
vt 0.5338 0.8060
vt 0.5489 0.8167
vt 0.8411 0.8167
vt 0.8562 0.8060
vt 0.8562 0.8060
vt 0.8411 0.8167
vt 0.8673 0.8167
vt 0.8851 0.8060
vt 0.8851 0.5950
vt 0.8673 0.5997
vt 0.8777 0.6037
vt 0.8966 0.5995
vt 0.8966 0.5995
vt 0.8777 0.6037
vt 0.8808 0.6450
vt 0.9000 0.6450
vt 0.8808 0.6450
vt 0.6956 0.6450
vt 0.6955 0.6451
vt 0.8777 0.6863
vt 0.8777 0.6863
vt 0.6955 0.6451
vt 0.6955 0.6451
vt 0.8673 0.6903
vt 0.8673 0.6903
vt 0.6955 0.6451
vt 0.6954 0.6451
vt 0.8411 0.6920
vt 0.8411 0.6920
vt 0.6954 0.6451
vt 0.6946 0.6451
vt 0.5489 0.6920
vt 0.5489 0.6920
vt 0.6946 0.6451
vt 0.6945 0.6451
vt 0.5227 0.6903
vt 0.5227 0.6903
vt 0.6945 0.6451
vt 0.6945 0.6451
vt 0.5123 0.6863
vt 0.5123 0.6863
vt 0.6945 0.6451
vt 0.6944 0.6450
vt 0.5092 0.6451
vt 0.5092 0.6451
vt 0.6944 0.6450
vt 0.6945 0.6449
vt 0.5123 0.6037
vt 0.5123 0.6037
vt 0.6945 0.6449
vt 0.6945 0.6449
vt 0.5227 0.5997
vt 0.5227 0.5997
vt 0.6945 0.6449
vt 0.6946 0.6449
vt 0.5489 0.5980
vt 0.5489 0.5980
vt 0.6946 0.6449
vt 0.6954 0.6449
vt 0.8411 0.5980
vt 0.8411 0.5980
vt 0.6954 0.6449
vt 0.6955 0.6449
vt 0.8673 0.5997
vt 0.8673 0.5997
vt 0.6955 0.6449
vt 0.6955 0.6449
vt 0.8777 0.6037
vt 0.8777 0.6037
vt 0.6955 0.6449
vt 0.6956 0.6450
vt 0.8808 0.6450
f 583/2089 597/2090 598/2091 584/2092
f 584/2093 598/2094 599/2095 585/2096
f 585/2097 599/2098 600/2099 586/2100
f 586/2101 600/2102 601/2103 587/2104
f 587/2105 601/2106 602/2107 588/2108
f 588/2109 602/2110 603/2111 589/2112
f 589/2113 603/2114 604/2115 590/2116
f 590/2117 604/2118 605/2119 591/2120
f 591/2121 605/2122 606/2123 592/2124
f 592/2125 606/2126 607/2127 593/2128
f 593/2129 607/2130 608/2131 594/2132
f 594/2133 608/2134 609/2135 595/2136
f 595/2137 609/2138 610/2139 596/2140
f 596/2141 610/2142 597/2143 583/2144
f 597/2145 611/2146 612/2147 598/2148
f 598/2149 612/2150 613/2151 599/2152
f 599/2153 613/2154 614/2155 600/2156
f 600/2157 614/2158 615/2159 601/2160
f 601/2161 615/2162 616/2163 602/2164
f 602/2165 616/2166 617/2167 603/2168
f 603/2169 617/2170 618/2171 604/2172
f 604/2173 618/2174 619/2175 605/2176
f 605/2177 619/2178 620/2179 606/2180
f 606/2181 620/2182 621/2183 607/2184
f 607/2185 621/2186 622/2187 608/2188
f 608/2189 622/2190 623/2191 609/2192
f 609/2193 623/2194 624/2195 610/2196
f 610/2197 624/2198 611/2199 597/2200
f 611/2201 625/2202 626/2203 612/2204
f 612/2205 626/2206 627/2207 613/2208
f 613/2209 627/2210 628/2211 614/2212
f 614/2213 628/2214 629/2215 615/2216
f 615/2217 629/2218 630/2219 616/2220
f 616/2221 630/2222 631/2223 617/2224
f 617/2225 631/2226 632/2227 618/2228
f 618/2229 632/2230 633/2231 619/2232
f 619/2233 633/2234 634/2235 620/2236
f 620/2237 634/2238 635/2239 621/2240
f 621/2241 635/2242 636/2243 622/2244
f 622/2245 636/2246 637/2247 623/2248
f 623/2249 637/2250 638/2251 624/2252
f 624/2253 638/2254 625/2255 611/2256
f 625/2257 639/2258 640/2259 626/2260
f 626/2261 640/2262 641/2263 627/2264
f 627/2265 641/2266 642/2267 628/2268
f 628/2269 642/2270 643/2271 629/2272
f 629/2273 643/2274 644/2275 630/2276
f 630/2277 644/2278 645/2279 631/2280
f 631/2281 645/2282 646/2283 632/2284
f 632/2285 646/2286 647/2287 633/2288
f 633/2289 647/2290 648/2291 634/2292
f 634/2293 648/2294 649/2295 635/2296
f 635/2297 649/2298 650/2299 636/2300
f 636/2301 650/2302 651/2303 637/2304
f 637/2305 651/2306 652/2307 638/2308
f 638/2309 652/2310 639/2311 625/2312
f 639/2313 653/2314 654/2315 640/2316
f 640/2317 654/2318 655/2319 641/2320
f 641/2321 655/2322 656/2323 642/2324
f 642/2325 656/2326 657/2327 643/2328
f 643/2329 657/2330 658/2331 644/2332
f 644/2333 658/2334 659/2335 645/2336
f 645/2337 659/2338 660/2339 646/2340
f 646/2341 660/2342 661/2343 647/2344
f 647/2345 661/2346 662/2347 648/2348
f 648/2349 662/2350 663/2351 649/2352
f 649/2353 663/2354 664/2355 650/2356
f 650/2357 664/2358 665/2359 651/2360
f 651/2361 665/2362 666/2363 652/2364
f 652/2365 666/2366 653/2367 639/2368
f 653/2369 667/2370 668/2371 654/2372
f 654/2373 668/2374 669/2375 655/2376
f 655/2377 669/2378 670/2379 656/2380
f 656/2381 670/2382 671/2383 657/2384
f 657/2385 671/2386 672/2387 658/2388
f 658/2389 672/2390 673/2391 659/2392
f 659/2393 673/2394 674/2395 660/2396
f 660/2397 674/2398 675/2399 661/2400
f 661/2401 675/2402 676/2403 662/2404
f 662/2405 676/2406 677/2407 663/2408
f 663/2409 677/2410 678/2411 664/2412
f 664/2413 678/2414 679/2415 665/2416
f 665/2417 679/2418 680/2419 666/2420
f 666/2421 680/2422 667/2423 653/2424
f 667/2425 681/2426 682/2427 668/2428
f 668/2429 682/2430 683/2431 669/2432
f 669/2433 683/2434 684/2435 670/2436
f 670/2437 684/2438 685/2439 671/2440
f 671/2441 685/2442 686/2443 672/2444
f 672/2445 686/2446 687/2447 673/2448
f 673/2449 687/2450 688/2451 674/2452
f 674/2453 688/2454 689/2455 675/2456
f 675/2457 689/2458 690/2459 676/2460
f 676/2461 690/2462 691/2463 677/2464
f 677/2465 691/2466 692/2467 678/2468
f 678/2469 692/2470 693/2471 679/2472
f 679/2473 693/2474 694/2475 680/2476
f 680/2477 694/2478 681/2479 667/2480
f 681/2481 695/2482 696/2483 682/2484
f 682/2485 696/2486 697/2487 683/2488
f 683/2489 697/2490 698/2491 684/2492
f 684/2493 698/2494 699/2495 685/2496
f 685/2497 699/2498 700/2499 686/2500
f 686/2501 700/2502 701/2503 687/2504
f 687/2505 701/2506 702/2507 688/2508
f 688/2509 702/2510 703/2511 689/2512
f 689/2513 703/2514 704/2515 690/2516
f 690/2517 704/2518 705/2519 691/2520
f 691/2521 705/2522 706/2523 692/2524
f 692/2525 706/2526 707/2527 693/2528
f 693/2529 707/2530 708/2531 694/2532
f 694/2533 708/2534 695/2535 681/2536
o Bench_Storage_2
v 0.4950 0.0600 0.3200
v 0.8950 0.0600 0.3200
v 0.8950 0.2900 0.3200
v 0.4950 0.2900 0.3200
v 0.4950 0.0600 0.6600
v 0.8950 0.0600 0.6600
v 0.8950 0.2900 0.6600
v 0.4950 0.2900 0.6600
vt 0.4950 0.2900
vt 0.8950 0.2900
vt 0.8950 0.0600
vt 0.4950 0.0600
vt 0.4950 0.0600
vt 0.8950 0.0600
vt 0.8950 0.2900
vt 0.4950 0.2900
vt 0.4950 0.3200
vt 0.8950 0.3200
vt 0.8950 0.6600
vt 0.4950 0.6600
vt 0.8950 0.3200
vt 0.4950 0.3200
vt 0.4950 0.6600
vt 0.8950 0.6600
vt 0.3200 0.0600
vt 0.3200 0.2900
vt 0.6600 0.2900
vt 0.6600 0.0600
vt 0.6600 0.0600
vt 0.6600 0.2900
vt 0.3200 0.2900
vt 0.3200 0.0600
f 712/2537 711/2538 710/2539 709/2540
f 713/2541 714/2542 715/2543 716/2544
f 709/2545 710/2546 714/2547 713/2548
f 711/2549 712/2550 716/2551 715/2552
f 710/2553 711/2554 715/2555 714/2556
f 713/2557 716/2558 712/2559 709/2560
o Bench_StorageDoor_2
v 0.4950 0.0700 0.2950
v 0.8950 0.0700 0.2950
v 0.8950 0.2800 0.2950
v 0.4950 0.2800 0.2950
v 0.4950 0.0700 0.3200
v 0.8950 0.0700 0.3200
v 0.8950 0.2800 0.3200
v 0.4950 0.2800 0.3200
vt 0.4950 0.2800
vt 0.8950 0.2800
vt 0.8950 0.0700
vt 0.4950 0.0700
vt 0.4950 0.0700
vt 0.8950 0.0700
vt 0.8950 0.2800
vt 0.4950 0.2800
vt 0.4950 0.2950
vt 0.8950 0.2950
vt 0.8950 0.3200
vt 0.4950 0.3200
vt 0.8950 0.2950
vt 0.4950 0.2950
vt 0.4950 0.3200
vt 0.8950 0.3200
vt 0.2950 0.0700
vt 0.2950 0.2800
vt 0.3200 0.2800
vt 0.3200 0.0700
vt 0.3200 0.0700
vt 0.3200 0.2800
vt 0.2950 0.2800
vt 0.2950 0.0700
f 720/2561 719/2562 718/2563 717/2564
f 721/2565 722/2566 723/2567 724/2568
f 717/2569 718/2570 722/2571 721/2572
f 719/2573 720/2574 724/2575 723/2576
f 718/2577 719/2578 723/2579 722/2580
f 721/2581 724/2582 720/2583 717/2584
o Bench_Pan_3
v 1.1586 0.2900 0.5000
v 1.1586 0.2900 0.5002
v 1.1586 0.2900 0.5002
v 1.1586 0.2900 0.5002
v 1.1583 0.2900 0.5002
v 1.1581 0.2900 0.5002
v 1.1581 0.2900 0.5002
v 1.1581 0.2900 0.5002
v 1.1581 0.2900 0.5000
v 1.1581 0.2900 0.4998
v 1.1581 0.2900 0.4998
v 1.1581 0.2900 0.4998
v 1.1583 0.2900 0.4998
v 1.1586 0.2900 0.4998
v 1.1586 0.2900 0.4998
v 1.1586 0.2900 0.4998
v 1.3406 0.2905 0.5000
v 1.3380 0.2905 0.6415
v 1.3296 0.2905 0.6581
v 1.3117 0.2905 0.6659
v 1.1586 0.2905 0.6682
v 1.0050 0.2905 0.6659
v 0.9871 0.2905 0.6581
v 0.9786 0.2905 0.6415
v 0.9761 0.2905 0.5002
v 0.9786 0.2905 0.3585
v 0.9871 0.2905 0.3419
v 1.0050 0.2905 0.3341
v 1.1581 0.2905 0.3318
v 1.3117 0.2905 0.3341
v 1.3296 0.2905 0.3419
v 1.3380 0.2905 0.3585
v 1.3619 0.2923 0.5000
v 1.3590 0.2923 0.6581
v 1.3496 0.2923 0.6765
v 1.3296 0.2923 0.6852
v 1.1586 0.2923 0.6879
v 0.9871 0.2923 0.6852
v 0.9671 0.2923 0.6765
v 0.9577 0.2923 0.6581
v 0.9548 0.2923 0.5003
v 0.9577 0.2923 0.3419
v 0.9671 0.2923 0.3235
v 0.9871 0.2923 0.3148
v 1.1580 0.2923 0.3121
v 1.3296 0.2923 0.3148
v 1.3496 0.2923 0.3235
v 1.3590 0.2923 0.3419
v 1.3719 0.2960 0.5000
v 1.3689 0.2960 0.6659
v 1.3590 0.2960 0.6852
v 1.3380 0.2960 0.6944
v 1.1586 0.2960 0.6972
v 0.9786 0.2960 0.6944
v 0.9577 0.2960 0.6852
v 0.9478 0.2960 0.6659
v 0.9447 0.2960 0.5003
v 0.9478 0.2960 0.3341
v 0.9577 0.2960 0.3148
v 0.9786 0.2960 0.3056
v 1.1580 0.2960 0.3028
v 1.3380 0.2960 0.3056
v 1.3590 0.2960 0.3148
v 1.3689 0.2960 0.3341
v 1.3750 0.3275 0.5000
v 1.3719 0.3275 0.6682
v 1.3619 0.3275 0.6879
v 1.3406 0.3275 0.6972
v 1.1586 0.3275 0.7000
v 0.9761 0.3275 0.6972
v 0.9548 0.3275 0.6879
v 0.9447 0.3275 0.6682
v 0.9417 0.3275 0.5003
v 0.9447 0.3275 0.3318
v 0.9548 0.3275 0.3121
v 0.9761 0.3275 0.3028
v 1.1580 0.3275 0.3000
v 1.3406 0.3275 0.3028
v 1.3619 0.3275 0.3121
v 1.3719 0.3275 0.3318
v 1.3719 0.3590 0.5000
v 1.3689 0.3590 0.6659
v 1.3590 0.3590 0.6852
v 1.3380 0.3590 0.6944
v 1.1586 0.3590 0.6972
v 0.9786 0.3590 0.6944
v 0.9577 0.3590 0.6852
v 0.9478 0.3590 0.6659
v 0.9447 0.3590 0.5003
v 0.9478 0.3590 0.3341
v 0.9577 0.3590 0.3148
v 0.9786 0.3590 0.3056
v 1.1580 0.3590 0.3028
v 1.3380 0.3590 0.3056
v 1.3590 0.3590 0.3148
v 1.3689 0.3590 0.3341
v 1.3619 0.3627 0.5000
v 1.3590 0.3627 0.6581
v 1.3496 0.3627 0.6765
v 1.3296 0.3627 0.6852
v 1.1586 0.3627 0.6879
v 0.9871 0.3627 0.6852
v 0.9671 0.3627 0.6765
v 0.9577 0.3627 0.6581
v 0.9548 0.3627 0.5003
v 0.9577 0.3627 0.3419
v 0.9671 0.3627 0.3235
v 0.9871 0.3627 0.3148
v 1.1580 0.3627 0.3121
v 1.3296 0.3627 0.3148
v 1.3496 0.3627 0.3235
v 1.3590 0.3627 0.3419
v 1.3406 0.3645 0.5000
v 1.3380 0.3645 0.6415
v 1.3296 0.3645 0.6581
v 1.3117 0.3645 0.6659
v 1.1586 0.3645 0.6682
v 1.0050 0.3645 0.6659
v 0.9871 0.3645 0.6581
v 0.9786 0.3645 0.6415
v 0.9761 0.3645 0.5002
v 0.9786 0.3645 0.3585
v 0.9871 0.3645 0.3419
v 1.0050 0.3645 0.3341
v 1.1581 0.3645 0.3318
v 1.3117 0.3645 0.3341
v 1.3296 0.3645 0.3419
v 1.3380 0.3645 0.3585
v 1.1586 0.3650 0.5000
v 1.1586 0.3650 0.5002
v 1.1586 0.3650 0.5002
v 1.1586 0.3650 0.5002
v 1.1583 0.3650 0.5002
v 1.1581 0.3650 0.5002
v 1.1581 0.3650 0.5002
v 1.1581 0.3650 0.5002
v 1.1581 0.3650 0.5000
v 1.1581 0.3650 0.4998
v 1.1581 0.3650 0.4998
v 1.1581 0.3650 0.4998
v 1.1583 0.3650 0.4998
v 1.1586 0.3650 0.4998
v 1.1586 0.3650 0.4998
v 1.1586 0.3650 0.4998
vt 1.1586 0.5000
vt 1.3406 0.5000
vt 1.3380 0.6415
vt 1.1586 0.5002
vt 1.1586 0.5002
vt 1.3380 0.6415
vt 1.3296 0.6581
vt 1.1586 0.5002
vt 1.1586 0.5002
vt 1.3296 0.6581
vt 1.3117 0.6659
vt 1.1586 0.5002
vt 1.1586 0.5002
vt 1.3117 0.6659
vt 1.1586 0.6682
vt 1.1583 0.5002
vt 1.1583 0.5002
vt 1.1586 0.6682
vt 1.0050 0.6659
vt 1.1581 0.5002
vt 1.1581 0.5002
vt 1.0050 0.6659
vt 0.9871 0.6581
vt 1.1581 0.5002
vt 1.1581 0.5002
vt 0.9871 0.6581
vt 0.9786 0.6415
vt 1.1581 0.5002
vt 1.1581 0.5002
vt 0.9786 0.6415
vt 0.9761 0.5002
vt 1.1581 0.5000
vt 1.1581 0.5000
vt 0.9761 0.5002
vt 0.9786 0.3585
vt 1.1581 0.4998
vt 1.1581 0.4998
vt 0.9786 0.3585
vt 0.9871 0.3419
vt 1.1581 0.4998
vt 1.1581 0.4998
vt 0.9871 0.3419
vt 1.0050 0.3341
vt 1.1581 0.4998
vt 1.1581 0.4998
vt 1.0050 0.3341
vt 1.1581 0.3318
vt 1.1583 0.4998
vt 1.1583 0.4998
vt 1.1581 0.3318
vt 1.3117 0.3341
vt 1.1586 0.4998
vt 1.1586 0.4998
vt 1.3117 0.3341
vt 1.3296 0.3419
vt 1.1586 0.4998
vt 1.1586 0.4998
vt 1.3296 0.3419
vt 1.3380 0.3585
vt 1.1586 0.4998
vt 1.1586 0.4998
vt 1.3380 0.3585
vt 1.3406 0.5000
vt 1.1586 0.5000
vt 1.3406 0.5000
vt 1.3619 0.5000
vt 1.3590 0.6581
vt 1.3380 0.6415
vt 1.3380 0.6415
vt 1.3590 0.6581
vt 1.3496 0.6765
vt 1.3296 0.6581
vt 1.3296 0.6581
vt 1.3496 0.6765
vt 1.3296 0.6852
vt 1.3117 0.6659
vt 1.3117 0.6659
vt 1.3296 0.6852
vt 1.1586 0.6879
vt 1.1586 0.6682
vt 1.1586 0.6682
vt 1.1586 0.6879
vt 0.9871 0.6852
vt 1.0050 0.6659
vt 1.0050 0.6659
vt 0.9871 0.6852
vt 0.9671 0.6765
vt 0.9871 0.6581
vt 0.9871 0.6581
vt 0.9671 0.6765
vt 0.9577 0.6581
vt 0.9786 0.6415
vt 0.9786 0.6415
vt 0.9577 0.6581
vt 0.9548 0.5003
vt 0.9761 0.5002
vt 0.9761 0.5002
vt 0.9548 0.5003
vt 0.9577 0.3419
vt 0.9786 0.3585
vt 0.9786 0.3585
vt 0.9577 0.3419
vt 0.9671 0.3235
vt 0.9871 0.3419
vt 0.9871 0.3419
vt 0.9671 0.3235
vt 0.9871 0.3148
vt 1.0050 0.3341
vt 1.0050 0.3341
vt 0.9871 0.3148
vt 1.1580 0.3121
vt 1.1581 0.3318
vt 1.1581 0.3318
vt 1.1580 0.3121
vt 1.3296 0.3148
vt 1.3117 0.3341
vt 1.3117 0.3341
vt 1.3296 0.3148
vt 1.3496 0.3235
vt 1.3296 0.3419
vt 1.3296 0.3419
vt 1.3496 0.3235
vt 1.3590 0.3419
vt 1.3380 0.3585
vt 1.3380 0.3585
vt 1.3590 0.3419
vt 1.3619 0.5000
vt 1.3406 0.5000
vt 1.3619 0.5000
vt 1.3719 0.5000
vt 1.3689 0.6659
vt 1.3590 0.6581
vt 1.3590 0.6581
vt 1.3689 0.6659
vt 1.3590 0.6852
vt 1.3496 0.6765
vt 1.3496 0.6765
vt 1.3590 0.6852
vt 1.3380 0.6944
vt 1.3296 0.6852
vt 1.3296 0.6852
vt 1.3380 0.6944
vt 1.1586 0.6972
vt 1.1586 0.6879
vt 1.1586 0.6879
vt 1.1586 0.6972
vt 0.9786 0.6944
vt 0.9871 0.6852
vt 0.9871 0.6852
vt 0.9786 0.6944
vt 0.9577 0.6852
vt 0.9671 0.6765
vt 0.9671 0.6765
vt 0.9577 0.6852
vt 0.9478 0.6659
vt 0.9577 0.6581
vt 0.9577 0.6581
vt 0.9478 0.6659
vt 0.9447 0.5003
vt 0.9548 0.5003
vt 0.9548 0.5003
vt 0.9447 0.5003
vt 0.9478 0.3341
vt 0.9577 0.3419
vt 0.9577 0.3419
vt 0.9478 0.3341
vt 0.9577 0.3148
vt 0.9671 0.3235
vt 0.9671 0.3235
vt 0.9577 0.3148
vt 0.9786 0.3056
vt 0.9871 0.3148
vt 0.9871 0.3148
vt 0.9786 0.3056
vt 1.1580 0.3028
vt 1.1580 0.3121
vt 1.1580 0.3121
vt 1.1580 0.3028
vt 1.3380 0.3056
vt 1.3296 0.3148
vt 1.3296 0.3148
vt 1.3380 0.3056
vt 1.3590 0.3148
vt 1.3496 0.3235
vt 1.3496 0.3235
vt 1.3590 0.3148
vt 1.3689 0.3341
vt 1.3590 0.3419
vt 1.3590 0.3419
vt 1.3689 0.3341
vt 1.3719 0.5000
vt 1.3619 0.5000
vt 0.5000 0.2960
vt 0.5000 0.3275
vt 0.6682 0.3275
vt 0.6659 0.2960
vt 0.6659 0.2960
vt 0.6682 0.3275
vt 0.6879 0.3275
vt 0.6852 0.2960
vt 1.3590 0.2960
vt 1.3619 0.3275
vt 1.3406 0.3275
vt 1.3380 0.2960
vt 1.3380 0.2960
vt 1.3406 0.3275
vt 1.1586 0.3275
vt 1.1586 0.2960
vt 1.1586 0.2960
vt 1.1586 0.3275
vt 0.9761 0.3275
vt 0.9786 0.2960
vt 0.9786 0.2960
vt 0.9761 0.3275
vt 0.9548 0.3275
vt 0.9577 0.2960
vt 0.6852 0.2960
vt 0.6879 0.3275
vt 0.6682 0.3275
vt 0.6659 0.2960
vt 0.6659 0.2960
vt 0.6682 0.3275
vt 0.5003 0.3275
vt 0.5003 0.2960
vt 0.5003 0.2960
vt 0.5003 0.3275
vt 0.3318 0.3275
vt 0.3341 0.2960
vt 0.3341 0.2960
vt 0.3318 0.3275
vt 0.3121 0.3275
vt 0.3148 0.2960
vt 0.9577 0.2960
vt 0.9548 0.3275
vt 0.9761 0.3275
vt 0.9786 0.2960
vt 0.9786 0.2960
vt 0.9761 0.3275
vt 1.1580 0.3275
vt 1.1580 0.2960
vt 1.1580 0.2960
vt 1.1580 0.3275
vt 1.3406 0.3275
vt 1.3380 0.2960
vt 1.3380 0.2960
vt 1.3406 0.3275
vt 1.3619 0.3275
vt 1.3590 0.2960
vt 0.3148 0.2960
vt 0.3121 0.3275
vt 0.3318 0.3275
vt 0.3341 0.2960
vt 0.3341 0.2960
vt 0.3318 0.3275
vt 0.5000 0.3275
vt 0.5000 0.2960
vt 0.5000 0.3275
vt 0.5000 0.3590
vt 0.6659 0.3590
vt 0.6682 0.3275
vt 0.6682 0.3275
vt 0.6659 0.3590
vt 0.6852 0.3590
vt 0.6879 0.3275
vt 1.3619 0.3275
vt 1.3590 0.3590
vt 1.3380 0.3590
vt 1.3406 0.3275
vt 1.3406 0.3275
vt 1.3380 0.3590
vt 1.1586 0.3590
vt 1.1586 0.3275
vt 1.1586 0.3275
vt 1.1586 0.3590
vt 0.9786 0.3590
vt 0.9761 0.3275
vt 0.9761 0.3275
vt 0.9786 0.3590
vt 0.9577 0.3590
vt 0.9548 0.3275
vt 0.6879 0.3275
vt 0.6852 0.3590
vt 0.6659 0.3590
vt 0.6682 0.3275
vt 0.6682 0.3275
vt 0.6659 0.3590
vt 0.5003 0.3590
vt 0.5003 0.3275
vt 0.5003 0.3275
vt 0.5003 0.3590
vt 0.3341 0.3590
vt 0.3318 0.3275
vt 0.3318 0.3275
vt 0.3341 0.3590
vt 0.3148 0.3590
vt 0.3121 0.3275
vt 0.9548 0.3275
vt 0.9577 0.3590
vt 0.9786 0.3590
vt 0.9761 0.3275
vt 0.9761 0.3275
vt 0.9786 0.3590
vt 1.1580 0.3590
vt 1.1580 0.3275
vt 1.1580 0.3275
vt 1.1580 0.3590
vt 1.3380 0.3590
vt 1.3406 0.3275
vt 1.3406 0.3275
vt 1.3380 0.3590
vt 1.3590 0.3590
vt 1.3619 0.3275
vt 0.3121 0.3275
vt 0.3148 0.3590
vt 0.3341 0.3590
vt 0.3318 0.3275
vt 0.3318 0.3275
vt 0.3341 0.3590
vt 0.5000 0.3590
vt 0.5000 0.3275
vt 1.3719 0.5000
vt 1.3619 0.5000
vt 1.3590 0.6581
vt 1.3689 0.6659
vt 1.3689 0.6659
vt 1.3590 0.6581
vt 1.3496 0.6765
vt 1.3590 0.6852
vt 1.3590 0.6852
vt 1.3496 0.6765
vt 1.3296 0.6852
vt 1.3380 0.6944
vt 1.3380 0.6944
vt 1.3296 0.6852
vt 1.1586 0.6879
vt 1.1586 0.6972
vt 1.1586 0.6972
vt 1.1586 0.6879
vt 0.9871 0.6852
vt 0.9786 0.6944
vt 0.9786 0.6944
vt 0.9871 0.6852
vt 0.9671 0.6765
vt 0.9577 0.6852
vt 0.9577 0.6852
vt 0.9671 0.6765
vt 0.9577 0.6581
vt 0.9478 0.6659
vt 0.9478 0.6659
vt 0.9577 0.6581
vt 0.9548 0.5003
vt 0.9447 0.5003
vt 0.9447 0.5003
vt 0.9548 0.5003
vt 0.9577 0.3419
vt 0.9478 0.3341
vt 0.9478 0.3341
vt 0.9577 0.3419
vt 0.9671 0.3235
vt 0.9577 0.3148
vt 0.9577 0.3148
vt 0.9671 0.3235
vt 0.9871 0.3148
vt 0.9786 0.3056
vt 0.9786 0.3056
vt 0.9871 0.3148
vt 1.1580 0.3121
vt 1.1580 0.3028
vt 1.1580 0.3028
vt 1.1580 0.3121
vt 1.3296 0.3148
vt 1.3380 0.3056
vt 1.3380 0.3056
vt 1.3296 0.3148
vt 1.3496 0.3235
vt 1.3590 0.3148
vt 1.3590 0.3148
vt 1.3496 0.3235
vt 1.3590 0.3419
vt 1.3689 0.3341
vt 1.3689 0.3341
vt 1.3590 0.3419
vt 1.3619 0.5000
vt 1.3719 0.5000
vt 1.3619 0.5000
vt 1.3406 0.5000
vt 1.3380 0.6415
vt 1.3590 0.6581
vt 1.3590 0.6581
vt 1.3380 0.6415
vt 1.3296 0.6581
vt 1.3496 0.6765
vt 1.3496 0.6765
vt 1.3296 0.6581
vt 1.3117 0.6659
vt 1.3296 0.6852
vt 1.3296 0.6852
vt 1.3117 0.6659
vt 1.1586 0.6682
vt 1.1586 0.6879
vt 1.1586 0.6879
vt 1.1586 0.6682
vt 1.0050 0.6659
vt 0.9871 0.6852
vt 0.9871 0.6852
vt 1.0050 0.6659
vt 0.9871 0.6581
vt 0.9671 0.6765
vt 0.9671 0.6765
vt 0.9871 0.6581
vt 0.9786 0.6415
vt 0.9577 0.6581
vt 0.9577 0.6581
vt 0.9786 0.6415
vt 0.9761 0.5002
vt 0.9548 0.5003
vt 0.9548 0.5003
vt 0.9761 0.5002
vt 0.9786 0.3585
vt 0.9577 0.3419
vt 0.9577 0.3419
vt 0.9786 0.3585
vt 0.9871 0.3419
vt 0.9671 0.3235
vt 0.9671 0.3235
vt 0.9871 0.3419
vt 1.0050 0.3341
vt 0.9871 0.3148
vt 0.9871 0.3148
vt 1.0050 0.3341
vt 1.1581 0.3318
vt 1.1580 0.3121
vt 1.1580 0.3121
vt 1.1581 0.3318
vt 1.3117 0.3341
vt 1.3296 0.3148
vt 1.3296 0.3148
vt 1.3117 0.3341
vt 1.3296 0.3419
vt 1.3496 0.3235
vt 1.3496 0.3235
vt 1.3296 0.3419
vt 1.3380 0.3585
vt 1.3590 0.3419
vt 1.3590 0.3419
vt 1.3380 0.3585
vt 1.3406 0.5000
vt 1.3619 0.5000
vt 1.3406 0.5000
vt 1.1586 0.5000
vt 1.1586 0.5002
vt 1.3380 0.6415
vt 1.3380 0.6415
vt 1.1586 0.5002
vt 1.1586 0.5002
vt 1.3296 0.6581
vt 1.3296 0.6581
vt 1.1586 0.5002
vt 1.1586 0.5002
vt 1.3117 0.6659
vt 1.3117 0.6659
vt 1.1586 0.5002
vt 1.1583 0.5002
vt 1.1586 0.6682
vt 1.1586 0.6682
vt 1.1583 0.5002
vt 1.1581 0.5002
vt 1.0050 0.6659
vt 1.0050 0.6659
vt 1.1581 0.5002
vt 1.1581 0.5002
vt 0.9871 0.6581
vt 0.9871 0.6581
vt 1.1581 0.5002
vt 1.1581 0.5002
vt 0.9786 0.6415
vt 0.9786 0.6415
vt 1.1581 0.5002
vt 1.1581 0.5000
vt 0.9761 0.5002
vt 0.9761 0.5002
vt 1.1581 0.5000
vt 1.1581 0.4998
vt 0.9786 0.3585
vt 0.9786 0.3585
vt 1.1581 0.4998
vt 1.1581 0.4998
vt 0.9871 0.3419
vt 0.9871 0.3419
vt 1.1581 0.4998
vt 1.1581 0.4998
vt 1.0050 0.3341
vt 1.0050 0.3341
vt 1.1581 0.4998
vt 1.1583 0.4998
vt 1.1581 0.3318
vt 1.1581 0.3318
vt 1.1583 0.4998
vt 1.1586 0.4998
vt 1.3117 0.3341
vt 1.3117 0.3341
vt 1.1586 0.4998
vt 1.1586 0.4998
vt 1.3296 0.3419
vt 1.3296 0.3419
vt 1.1586 0.4998
vt 1.1586 0.4998
vt 1.3380 0.3585
vt 1.3380 0.3585
vt 1.1586 0.4998
vt 1.1586 0.5000
vt 1.3406 0.5000
f 725/2585 741/2586 742/2587 726/2588
f 726/2589 742/2590 743/2591 727/2592
f 727/2593 743/2594 744/2595 728/2596
f 728/2597 744/2598 745/2599 729/2600
f 729/2601 745/2602 746/2603 730/2604
f 730/2605 746/2606 747/2607 731/2608
f 731/2609 747/2610 748/2611 732/2612
f 732/2613 748/2614 749/2615 733/2616
f 733/2617 749/2618 750/2619 734/2620
f 734/2621 750/2622 751/2623 735/2624
f 735/2625 751/2626 752/2627 736/2628
f 736/2629 752/2630 753/2631 737/2632
f 737/2633 753/2634 754/2635 738/2636
f 738/2637 754/2638 755/2639 739/2640
f 739/2641 755/2642 756/2643 740/2644
f 740/2645 756/2646 741/2647 725/2648
f 741/2649 757/2650 758/2651 742/2652
f 742/2653 758/2654 759/2655 743/2656
f 743/2657 759/2658 760/2659 744/2660
f 744/2661 760/2662 761/2663 745/2664
f 745/2665 761/2666 762/2667 746/2668
f 746/2669 762/2670 763/2671 747/2672
f 747/2673 763/2674 764/2675 748/2676
f 748/2677 764/2678 765/2679 749/2680
f 749/2681 765/2682 766/2683 750/2684
f 750/2685 766/2686 767/2687 751/2688
f 751/2689 767/2690 768/2691 752/2692
f 752/2693 768/2694 769/2695 753/2696
f 753/2697 769/2698 770/2699 754/2700
f 754/2701 770/2702 771/2703 755/2704
f 755/2705 771/2706 772/2707 756/2708
f 756/2709 772/2710 757/2711 741/2712
f 757/2713 773/2714 774/2715 758/2716
f 758/2717 774/2718 775/2719 759/2720
f 759/2721 775/2722 776/2723 760/2724
f 760/2725 776/2726 777/2727 761/2728
f 761/2729 777/2730 778/2731 762/2732
f 762/2733 778/2734 779/2735 763/2736
f 763/2737 779/2738 780/2739 764/2740
f 764/2741 780/2742 781/2743 765/2744
f 765/2745 781/2746 782/2747 766/2748
f 766/2749 782/2750 783/2751 767/2752
f 767/2753 783/2754 784/2755 768/2756
f 768/2757 784/2758 785/2759 769/2760
f 769/2761 785/2762 786/2763 770/2764
f 770/2765 786/2766 787/2767 771/2768
f 771/2769 787/2770 788/2771 772/2772
f 772/2773 788/2774 773/2775 757/2776
f 773/2777 789/2778 790/2779 774/2780
f 774/2781 790/2782 791/2783 775/2784
f 775/2785 791/2786 792/2787 776/2788
f 776/2789 792/2790 793/2791 777/2792
f 777/2793 793/2794 794/2795 778/2796
f 778/2797 794/2798 795/2799 779/2800
f 779/2801 795/2802 796/2803 780/2804
f 780/2805 796/2806 797/2807 781/2808
f 781/2809 797/2810 798/2811 782/2812
f 782/2813 798/2814 799/2815 783/2816
f 783/2817 799/2818 800/2819 784/2820
f 784/2821 800/2822 801/2823 785/2824
f 785/2825 801/2826 802/2827 786/2828
f 786/2829 802/2830 803/2831 787/2832
f 787/2833 803/2834 804/2835 788/2836
f 788/2837 804/2838 789/2839 773/2840
f 789/2841 805/2842 806/2843 790/2844
f 790/2845 806/2846 807/2847 791/2848
f 791/2849 807/2850 808/2851 792/2852
f 792/2853 808/2854 809/2855 793/2856
f 793/2857 809/2858 810/2859 794/2860
f 794/2861 810/2862 811/2863 795/2864
f 795/2865 811/2866 812/2867 796/2868
f 796/2869 812/2870 813/2871 797/2872
f 797/2873 813/2874 814/2875 798/2876
f 798/2877 814/2878 815/2879 799/2880
f 799/2881 815/2882 816/2883 800/2884
f 800/2885 816/2886 817/2887 801/2888
f 801/2889 817/2890 818/2891 802/2892
f 802/2893 818/2894 819/2895 803/2896
f 803/2897 819/2898 820/2899 804/2900
f 804/2901 820/2902 805/2903 789/2904
f 805/2905 821/2906 822/2907 806/2908
f 806/2909 822/2910 823/2911 807/2912
f 807/2913 823/2914 824/2915 808/2916
f 808/2917 824/2918 825/2919 809/2920
f 809/2921 825/2922 826/2923 810/2924
f 810/2925 826/2926 827/2927 811/2928
f 811/2929 827/2930 828/2931 812/2932
f 812/2933 828/2934 829/2935 813/2936
f 813/2937 829/2938 830/2939 814/2940
f 814/2941 830/2942 831/2943 815/2944
f 815/2945 831/2946 832/2947 816/2948
f 816/2949 832/2950 833/2951 817/2952
f 817/2953 833/2954 834/2955 818/2956
f 818/2957 834/2958 835/2959 819/2960
f 819/2961 835/2962 836/2963 820/2964
f 820/2965 836/2966 821/2967 805/2968
f 821/2969 837/2970 838/2971 822/2972
f 822/2973 838/2974 839/2975 823/2976
f 823/2977 839/2978 840/2979 824/2980
f 824/2981 840/2982 841/2983 825/2984
f 825/2985 841/2986 842/2987 826/2988
f 826/2989 842/2990 843/2991 827/2992
f 827/2993 843/2994 844/2995 828/2996
f 828/2997 844/2998 845/2999 829/3000
f 829/3001 845/3002 846/3003 830/3004
f 830/3005 846/3006 847/3007 831/3008
f 831/3009 847/3010 848/3011 832/3012
f 832/3013 848/3014 849/3015 833/3016
f 833/3017 849/3018 850/3019 834/3020
f 834/3021 850/3022 851/3023 835/3024
f 835/3025 851/3026 852/3027 836/3028
f 836/3029 852/3030 837/3031 821/3032
f 837/3033 853/3034 854/3035 838/3036
f 838/3037 854/3038 855/3039 839/3040
f 839/3041 855/3042 856/3043 840/3044
f 840/3045 856/3046 857/3047 841/3048
f 841/3049 857/3050 858/3051 842/3052
f 842/3053 858/3054 859/3055 843/3056
f 843/3057 859/3058 860/3059 844/3060
f 844/3061 860/3062 861/3063 845/3064
f 845/3065 861/3066 862/3067 846/3068
f 846/3069 862/3070 863/3071 847/3072
f 847/3073 863/3074 864/3075 848/3076
f 848/3077 864/3078 865/3079 849/3080
f 849/3081 865/3082 866/3083 850/3084
f 850/3085 866/3086 867/3087 851/3088
f 851/3089 867/3090 868/3091 852/3092
f 852/3093 868/3094 853/3095 837/3096
o Bench_Belt_3_Left
v 0.9740 0.3670 0.5489
v 0.9894 0.3670 0.5911
v 0.9894 0.3710 0.5911
v 0.9740 0.3710 0.5489
v 0.9945 0.3670 0.5414
v 1.0100 0.3670 0.5836
v 1.0100 0.3710 0.5836
v 0.9945 0.3710 0.5414
v 1.0151 0.3670 0.5339
v 1.0305 0.3670 0.5761
v 1.0305 0.3710 0.5761
v 1.0151 0.3710 0.5339
v 1.0357 0.3670 0.5264
v 1.0511 0.3670 0.5686
v 1.0511 0.3710 0.5686
v 1.0357 0.3710 0.5264
v 1.0563 0.3670 0.5189
v 1.0717 0.3670 0.5611
v 1.0717 0.3710 0.5611
v 1.0563 0.3710 0.5189
v 1.0769 0.3670 0.5114
v 1.0923 0.3670 0.5536
v 1.0923 0.3710 0.5536
v 1.0769 0.3710 0.5114
v 1.0975 0.3670 0.5039
v 1.1129 0.3670 0.5461
v 1.1129 0.3710 0.5461
v 1.0975 0.3710 0.5039
v 1.1180 0.3670 0.4964
v 1.1335 0.3670 0.5386
v 1.1335 0.3710 0.5386
v 1.1180 0.3710 0.4964
v 1.1386 0.3670 0.4889
v 1.1540 0.3670 0.5311
v 1.1540 0.3710 0.5311
v 1.1386 0.3710 0.4889
vt 0.9945 0.5414
vt 1.0100 0.5836
vt 0.9894 0.5911
vt 0.9740 0.5489
vt 1.0100 0.3670
vt 1.0100 0.3710
vt 0.9894 0.3710
vt 0.9894 0.3670
vt 1.0100 0.5836
vt 0.9945 0.5414
vt 0.9740 0.5489
vt 0.9894 0.5911
vt 0.9945 0.3710
vt 0.9945 0.3670
vt 0.9740 0.3670
vt 0.9740 0.3710
vt 1.0151 0.5339
vt 1.0305 0.5761
vt 1.0100 0.5836
vt 0.9945 0.5414
vt 1.0305 0.3670
vt 1.0305 0.3710
vt 1.0100 0.3710
vt 1.0100 0.3670
vt 1.0305 0.5761
vt 1.0151 0.5339
vt 0.9945 0.5414
vt 1.0100 0.5836
vt 1.0151 0.3710
vt 1.0151 0.3670
vt 0.9945 0.3670
vt 0.9945 0.3710
vt 1.0357 0.5264
vt 1.0511 0.5686
vt 1.0305 0.5761
vt 1.0151 0.5339
vt 1.0511 0.3670
vt 1.0511 0.3710
vt 1.0305 0.3710
vt 1.0305 0.3670
vt 1.0511 0.5686
vt 1.0357 0.5264
vt 1.0151 0.5339
vt 1.0305 0.5761
vt 1.0357 0.3710
vt 1.0357 0.3670
vt 1.0151 0.3670
vt 1.0151 0.3710
vt 1.0563 0.5189
vt 1.0717 0.5611
vt 1.0511 0.5686
vt 1.0357 0.5264
vt 1.0717 0.3670
vt 1.0717 0.3710
vt 1.0511 0.3710
vt 1.0511 0.3670
vt 1.0717 0.5611
vt 1.0563 0.5189
vt 1.0357 0.5264
vt 1.0511 0.5686
vt 1.0563 0.3710
vt 1.0563 0.3670
vt 1.0357 0.3670
vt 1.0357 0.3710
vt 1.0769 0.5114
vt 1.0923 0.5536
vt 1.0717 0.5611
vt 1.0563 0.5189
vt 1.0923 0.3670
vt 1.0923 0.3710
vt 1.0717 0.3710
vt 1.0717 0.3670
vt 1.0923 0.5536
vt 1.0769 0.5114
vt 1.0563 0.5189
vt 1.0717 0.5611
vt 1.0769 0.3710
vt 1.0769 0.3670
vt 1.0563 0.3670
vt 1.0563 0.3710
vt 1.0975 0.5039
vt 1.1129 0.5461
vt 1.0923 0.5536
vt 1.0769 0.5114
vt 1.1129 0.3670
vt 1.1129 0.3710
vt 1.0923 0.3710
vt 1.0923 0.3670
vt 1.1129 0.5461
vt 1.0975 0.5039
vt 1.0769 0.5114
vt 1.0923 0.5536
vt 1.0975 0.3710
vt 1.0975 0.3670
vt 1.0769 0.3670
vt 1.0769 0.3710
vt 1.1180 0.4964
vt 1.1335 0.5386
vt 1.1129 0.5461
vt 1.0975 0.5039
vt 1.1335 0.3670
vt 1.1335 0.3710
vt 1.1129 0.3710
vt 1.1129 0.3670
vt 1.1335 0.5386
vt 1.1180 0.4964
vt 1.0975 0.5039
vt 1.1129 0.5461
vt 1.1180 0.3710
vt 1.1180 0.3670
vt 1.0975 0.3670
vt 1.0975 0.3710
vt 1.1386 0.4889
vt 1.1540 0.5311
vt 1.1335 0.5386
vt 1.1180 0.4964
vt 1.1540 0.3670
vt 1.1540 0.3710
vt 1.1335 0.3710
vt 1.1335 0.3670
vt 1.1540 0.5311
vt 1.1386 0.4889
vt 1.1180 0.4964
vt 1.1335 0.5386
vt 1.1386 0.3710
vt 1.1386 0.3670
vt 1.1180 0.3670
vt 1.1180 0.3710
vt 0.5489 0.3710
vt 0.5911 0.3710
vt 0.5911 0.3670
vt 0.5489 0.3670
vt 0.4889 0.3670
vt 0.5311 0.3670
vt 0.5311 0.3710
vt 0.4889 0.3710
f 873/3097 874/3098 870/3099 869/3100
f 874/3101 875/3102 871/3103 870/3104
f 875/3105 876/3106 872/3107 871/3108
f 876/3109 873/3110 869/3111 872/3112
f 877/3113 878/3114 874/3115 873/3116
f 878/3117 879/3118 875/3119 874/3120
f 879/3121 880/3122 876/3123 875/3124
f 880/3125 877/3126 873/3127 876/3128
f 881/3129 882/3130 878/3131 877/3132
f 882/3133 883/3134 879/3135 878/3136
f 883/3137 884/3138 880/3139 879/3140
f 884/3141 881/3142 877/3143 880/3144
f 885/3145 886/3146 882/3147 881/3148
f 886/3149 887/3150 883/3151 882/3152
f 887/3153 888/3154 884/3155 883/3156
f 888/3157 885/3158 881/3159 884/3160
f 889/3161 890/3162 886/3163 885/3164
f 890/3165 891/3166 887/3167 886/3168
f 891/3169 892/3170 888/3171 887/3172
f 892/3173 889/3174 885/3175 888/3176
f 893/3177 894/3178 890/3179 889/3180
f 894/3181 895/3182 891/3183 890/3184
f 895/3185 896/3186 892/3187 891/3188
f 896/3189 893/3190 889/3191 892/3192
f 897/3193 898/3194 894/3195 893/3196
f 898/3197 899/3198 895/3199 894/3200
f 899/3201 900/3202 896/3203 895/3204
f 900/3205 897/3206 893/3207 896/3208
f 901/3209 902/3210 898/3211 897/3212
f 902/3213 903/3214 899/3215 898/3216
f 903/3217 904/3218 900/3219 899/3220
f 904/3221 901/3222 897/3223 900/3224
f 872/3225 871/3226 870/3227 869/3228
f 901/3229 902/3230 903/3231 904/3232
o Bench_Belt_3_Right
v 1.3273 0.3670 0.5911
v 1.3427 0.3670 0.5489
v 1.3427 0.3710 0.5489
v 1.3273 0.3710 0.5911
v 1.3067 0.3670 0.5836
v 1.3221 0.3670 0.5414
v 1.3221 0.3710 0.5414
v 1.3067 0.3710 0.5836
v 1.2861 0.3670 0.5761
v 1.3015 0.3670 0.5339
v 1.3015 0.3710 0.5339
v 1.2861 0.3710 0.5761
v 1.2655 0.3670 0.5686
v 1.2810 0.3670 0.5264
v 1.2810 0.3710 0.5264
v 1.2655 0.3710 0.5686
v 1.2450 0.3670 0.5611
v 1.2604 0.3670 0.5189
v 1.2604 0.3710 0.5189
v 1.2450 0.3710 0.5611
v 1.2244 0.3670 0.5536
v 1.2398 0.3670 0.5114
v 1.2398 0.3710 0.5114
v 1.2244 0.3710 0.5536
v 1.2038 0.3670 0.5461
v 1.2192 0.3670 0.5039
v 1.2192 0.3710 0.5039
v 1.2038 0.3710 0.5461
v 1.1832 0.3670 0.5386
v 1.1986 0.3670 0.4964
v 1.1986 0.3710 0.4964
v 1.1832 0.3710 0.5386
v 1.1601 0.3590 0.5382
v 1.1806 0.3590 0.4818
v 1.1806 0.3790 0.4818
v 1.1601 0.3790 0.5382
vt 1.3067 0.5836
vt 1.3221 0.5414
vt 1.3427 0.5489
vt 1.3273 0.5911
vt 1.3221 0.3670
vt 1.3221 0.3710
vt 1.3427 0.3710
vt 1.3427 0.3670
vt 1.3221 0.5414
vt 1.3067 0.5836
vt 1.3273 0.5911
vt 1.3427 0.5489
vt 1.3067 0.3710
vt 1.3067 0.3670
vt 1.3273 0.3670
vt 1.3273 0.3710
vt 1.2861 0.5761
vt 1.3015 0.5339
vt 1.3221 0.5414
vt 1.3067 0.5836
vt 1.3015 0.3670
vt 1.3015 0.3710
vt 1.3221 0.3710
vt 1.3221 0.3670
vt 1.3015 0.5339
vt 1.2861 0.5761
vt 1.3067 0.5836
vt 1.3221 0.5414
vt 1.2861 0.3710
vt 1.2861 0.3670
vt 1.3067 0.3670
vt 1.3067 0.3710
vt 1.2655 0.5686
vt 1.2810 0.5264
vt 1.3015 0.5339
vt 1.2861 0.5761
vt 1.2810 0.3670
vt 1.2810 0.3710
vt 1.3015 0.3710
vt 1.3015 0.3670
vt 1.2810 0.5264
vt 1.2655 0.5686
vt 1.2861 0.5761
vt 1.3015 0.5339
vt 1.2655 0.3710
vt 1.2655 0.3670
vt 1.2861 0.3670
vt 1.2861 0.3710
vt 1.2450 0.5611
vt 1.2604 0.5189
vt 1.2810 0.5264
vt 1.2655 0.5686
vt 1.2604 0.3670
vt 1.2604 0.3710
vt 1.2810 0.3710
vt 1.2810 0.3670
vt 1.2604 0.5189
vt 1.2450 0.5611
vt 1.2655 0.5686
vt 1.2810 0.5264
vt 1.2450 0.3710
vt 1.2450 0.3670
vt 1.2655 0.3670
vt 1.2655 0.3710
vt 1.2244 0.5536
vt 1.2398 0.5114
vt 1.2604 0.5189
vt 1.2450 0.5611
vt 1.2398 0.3670
vt 1.2398 0.3710
vt 1.2604 0.3710
vt 1.2604 0.3670
vt 1.2398 0.5114
vt 1.2244 0.5536
vt 1.2450 0.5611
vt 1.2604 0.5189
vt 1.2244 0.3710
vt 1.2244 0.3670
vt 1.2450 0.3670
vt 1.2450 0.3710
vt 1.2038 0.5461
vt 1.2192 0.5039
vt 1.2398 0.5114
vt 1.2244 0.5536
vt 1.2192 0.3670
vt 1.2192 0.3710
vt 1.2398 0.3710
vt 1.2398 0.3670
vt 1.2192 0.5039
vt 1.2038 0.5461
vt 1.2244 0.5536
vt 1.2398 0.5114
vt 1.2038 0.3710
vt 1.2038 0.3670
vt 1.2244 0.3670
vt 1.2244 0.3710
vt 1.1832 0.5386
vt 1.1986 0.4964
vt 1.2192 0.5039
vt 1.2038 0.5461
vt 1.1986 0.3670
vt 1.1986 0.3710
vt 1.2192 0.3710
vt 1.2192 0.3670
vt 1.1986 0.4964
vt 1.1832 0.5386
vt 1.2038 0.5461
vt 1.2192 0.5039
vt 1.1832 0.3710
vt 1.1832 0.3670
vt 1.2038 0.3670
vt 1.2038 0.3710
vt 1.1601 0.5382
vt 1.1806 0.4818
vt 1.1986 0.4964
vt 1.1832 0.5386
vt 1.1806 0.3590
vt 1.1806 0.3790
vt 1.1986 0.3710
vt 1.1986 0.3670
vt 1.1806 0.4818
vt 1.1601 0.5382
vt 1.1832 0.5386
vt 1.1986 0.4964
vt 1.1601 0.3790
vt 1.1601 0.3590
vt 1.1832 0.3670
vt 1.1832 0.3710
vt 0.5911 0.3710
vt 0.5489 0.3710
vt 0.5489 0.3670
vt 0.5911 0.3670
vt 0.5382 0.3590
vt 0.4818 0.3590
vt 0.4818 0.3790
vt 0.5382 0.3790
f 909/3233 910/3234 906/3235 905/3236
f 910/3237 911/3238 907/3239 906/3240
f 911/3241 912/3242 908/3243 907/3244
f 912/3245 909/3246 905/3247 908/3248
f 913/3249 914/3250 910/3251 909/3252
f 914/3253 915/3254 911/3255 910/3256
f 915/3257 916/3258 912/3259 911/3260
f 916/3261 913/3262 909/3263 912/3264
f 917/3265 918/3266 914/3267 913/3268
f 918/3269 919/3270 915/3271 914/3272
f 919/3273 920/3274 916/3275 915/3276
f 920/3277 917/3278 913/3279 916/3280
f 921/3281 922/3282 918/3283 917/3284
f 922/3285 923/3286 919/3287 918/3288
f 923/3289 924/3290 920/3291 919/3292
f 924/3293 921/3294 917/3295 920/3296
f 925/3297 926/3298 922/3299 921/3300
f 926/3301 927/3302 923/3303 922/3304
f 927/3305 928/3306 924/3307 923/3308
f 928/3309 925/3310 921/3311 924/3312
f 929/3313 930/3314 926/3315 925/3316
f 930/3317 931/3318 927/3319 926/3320
f 931/3321 932/3322 928/3323 927/3324
f 932/3325 929/3326 925/3327 928/3328
f 933/3329 934/3330 930/3331 929/3332
f 934/3333 935/3334 931/3335 930/3336
f 935/3337 936/3338 932/3339 931/3340
f 936/3341 933/3342 929/3343 932/3344
f 937/3345 938/3346 934/3347 933/3348
f 938/3349 939/3350 935/3351 934/3352
f 939/3353 940/3354 936/3355 935/3356
f 940/3357 937/3358 933/3359 936/3360
f 908/3361 907/3362 906/3363 905/3364
f 937/3365 938/3366 939/3367 940/3368
o Bench_Back_3
v 1.1589 0.3000 0.6450
v 1.1589 0.3000 0.6451
v 1.1588 0.3000 0.6451
v 1.1588 0.3000 0.6451
v 1.1579 0.3000 0.6451
v 1.1578 0.3000 0.6451
v 1.1578 0.3000 0.6451
v 1.1578 0.3000 0.6450
v 1.1578 0.3000 0.6449
v 1.1578 0.3000 0.6449
v 1.1579 0.3000 0.6449
v 1.1588 0.3000 0.6449
v 1.1588 0.3000 0.6449
v 1.1589 0.3000 0.6449
v 1.3441 0.3033 0.6450
v 1.3411 0.3033 0.6863
v 1.3306 0.3033 0.6903
v 1.3044 0.3033 0.6920
v 1.0122 0.3033 0.6920
v 0.9861 0.3033 0.6903
v 0.9756 0.3033 0.6863
v 0.9725 0.3033 0.6451
v 0.9756 0.3033 0.6037
v 0.9861 0.3033 0.5997
v 1.0122 0.3033 0.5980
v 1.3044 0.3033 0.5980
v 1.3306 0.3033 0.5997
v 1.3411 0.3033 0.6037
v 1.3633 0.3140 0.6450
v 1.3599 0.3140 0.6905
v 1.3484 0.3140 0.6950
v 1.3195 0.3140 0.6968
v 0.9972 0.3140 0.6968
v 0.9683 0.3140 0.6950
v 0.9567 0.3140 0.6905
v 0.9534 0.3140 0.6451
v 0.9567 0.3140 0.5995
v 0.9683 0.3140 0.5950
v 0.9972 0.3140 0.5932
v 1.3195 0.3140 0.5932
v 1.3484 0.3140 0.5950
v 1.3599 0.3140 0.5995
v 1.3723 0.3370 0.6450
v 1.3687 0.3370 0.6925
v 1.3567 0.3370 0.6972
v 1.3266 0.3370 0.6991
v 0.9901 0.3370 0.6991
v 0.9600 0.3370 0.6972
v 0.9479 0.3370 0.6925
v 0.9444 0.3370 0.6452
v 0.9479 0.3370 0.5975
v 0.9600 0.3370 0.5928
v 0.9901 0.3370 0.5909
v 1.3266 0.3370 0.5909
v 1.3567 0.3370 0.5928
v 1.3687 0.3370 0.5975
v 1.3750 0.5600 0.6450
v 1.3714 0.5600 0.6931
v 1.3592 0.5600 0.6979
v 1.3287 0.5600 0.6998
v 0.9880 0.5600 0.6998
v 0.9574 0.5600 0.6979
v 0.9453 0.5600 0.6931
v 0.9417 0.5600 0.6452
v 0.9453 0.5600 0.5969
v 0.9574 0.5600 0.5921
v 0.9880 0.5600 0.5902
v 1.3287 0.5600 0.5902
v 1.3592 0.5600 0.5921
v 1.3714 0.5600 0.5969
v 1.3723 0.7830 0.6450
v 1.3687 0.7830 0.6925
v 1.3567 0.7830 0.6972
v 1.3266 0.7830 0.6991
v 0.9901 0.7830 0.6991
v 0.9600 0.7830 0.6972
v 0.9479 0.7830 0.6925
v 0.9444 0.7830 0.6452
v 0.9479 0.7830 0.5975
v 0.9600 0.7830 0.5928
v 0.9901 0.7830 0.5909
v 1.3266 0.7830 0.5909
v 1.3567 0.7830 0.5928
v 1.3687 0.7830 0.5975
v 1.3633 0.8060 0.6450
v 1.3599 0.8060 0.6905
v 1.3484 0.8060 0.6950
v 1.3195 0.8060 0.6968
v 0.9972 0.8060 0.6968
v 0.9683 0.8060 0.6950
v 0.9567 0.8060 0.6905
v 0.9534 0.8060 0.6451
v 0.9567 0.8060 0.5995
v 0.9683 0.8060 0.5950
v 0.9972 0.8060 0.5932
v 1.3195 0.8060 0.5932
v 1.3484 0.8060 0.5950
v 1.3599 0.8060 0.5995
v 1.3441 0.8167 0.6450
v 1.3411 0.8167 0.6863
v 1.3306 0.8167 0.6903
v 1.3044 0.8167 0.6920
v 1.0122 0.8167 0.6920
v 0.9861 0.8167 0.6903
v 0.9756 0.8167 0.6863
v 0.9725 0.8167 0.6451
v 0.9756 0.8167 0.6037
v 0.9861 0.8167 0.5997
v 1.0122 0.8167 0.5980
v 1.3044 0.8167 0.5980
v 1.3306 0.8167 0.5997
v 1.3411 0.8167 0.6037
v 1.1589 0.8200 0.6450
v 1.1589 0.8200 0.6451
v 1.1588 0.8200 0.6451
v 1.1588 0.8200 0.6451
v 1.1579 0.8200 0.6451
v 1.1578 0.8200 0.6451
v 1.1578 0.8200 0.6451
v 1.1578 0.8200 0.6450
v 1.1578 0.8200 0.6449
v 1.1578 0.8200 0.6449
v 1.1579 0.8200 0.6449
v 1.1588 0.8200 0.6449
v 1.1588 0.8200 0.6449
v 1.1589 0.8200 0.6449
vt 1.1589 0.6450
vt 1.3441 0.6450
vt 1.3411 0.6863
vt 1.1589 0.6451
vt 1.1589 0.6451
vt 1.3411 0.6863
vt 1.3306 0.6903
vt 1.1588 0.6451
vt 1.1588 0.6451
vt 1.3306 0.6903
vt 1.3044 0.6920
vt 1.1588 0.6451
vt 1.1588 0.6451
vt 1.3044 0.6920
vt 1.0122 0.6920
vt 1.1579 0.6451
vt 1.1579 0.6451
vt 1.0122 0.6920
vt 0.9861 0.6903
vt 1.1578 0.6451
vt 1.1578 0.6451
vt 0.9861 0.6903
vt 0.9756 0.6863
vt 1.1578 0.6451
vt 1.1578 0.6451
vt 0.9756 0.6863
vt 0.9725 0.6451
vt 1.1578 0.6450
vt 1.1578 0.6450
vt 0.9725 0.6451
vt 0.9756 0.6037
vt 1.1578 0.6449
vt 1.1578 0.6449
vt 0.9756 0.6037
vt 0.9861 0.5997
vt 1.1578 0.6449
vt 1.1578 0.6449
vt 0.9861 0.5997
vt 1.0122 0.5980
vt 1.1579 0.6449
vt 1.1579 0.6449
vt 1.0122 0.5980
vt 1.3044 0.5980
vt 1.1588 0.6449
vt 1.1588 0.6449
vt 1.3044 0.5980
vt 1.3306 0.5997
vt 1.1588 0.6449
vt 1.1588 0.6449
vt 1.3306 0.5997
vt 1.3411 0.6037
vt 1.1589 0.6449
vt 1.1589 0.6449
vt 1.3411 0.6037
vt 1.3441 0.6450
vt 1.1589 0.6450
vt 1.3441 0.6450
vt 1.3633 0.6450
vt 1.3599 0.6905
vt 1.3411 0.6863
vt 1.3411 0.6863
vt 1.3599 0.6905
vt 1.3484 0.6950
vt 1.3306 0.6903
vt 1.3306 0.3033
vt 1.3484 0.3140
vt 1.3195 0.3140
vt 1.3044 0.3033
vt 1.3044 0.3033
vt 1.3195 0.3140
vt 0.9972 0.3140
vt 1.0122 0.3033
vt 1.0122 0.3033
vt 0.9972 0.3140
vt 0.9683 0.3140
vt 0.9861 0.3033
vt 0.9861 0.6903
vt 0.9683 0.6950
vt 0.9567 0.6905
vt 0.9756 0.6863
vt 0.9756 0.6863
vt 0.9567 0.6905
vt 0.9534 0.6451
vt 0.9725 0.6451
vt 0.9725 0.6451
vt 0.9534 0.6451
vt 0.9567 0.5995
vt 0.9756 0.6037
vt 0.9756 0.6037
vt 0.9567 0.5995
vt 0.9683 0.5950
vt 0.9861 0.5997
vt 0.9861 0.3033
vt 0.9683 0.3140
vt 0.9972 0.3140
vt 1.0122 0.3033
vt 1.0122 0.3033
vt 0.9972 0.3140
vt 1.3195 0.3140
vt 1.3044 0.3033
vt 1.3044 0.3033
vt 1.3195 0.3140
vt 1.3484 0.3140
vt 1.3306 0.3033
vt 1.3306 0.5997
vt 1.3484 0.5950
vt 1.3599 0.5995
vt 1.3411 0.6037
vt 1.3411 0.6037
vt 1.3599 0.5995
vt 1.3633 0.6450
vt 1.3441 0.6450
vt 0.6450 0.3140
vt 0.6450 0.3370
vt 0.6925 0.3370
vt 0.6905 0.3140
vt 1.3599 0.3140
vt 1.3687 0.3370
vt 1.3567 0.3370
vt 1.3484 0.3140
vt 1.3484 0.3140
vt 1.3567 0.3370
vt 1.3266 0.3370
vt 1.3195 0.3140
vt 1.3195 0.3140
vt 1.3266 0.3370
vt 0.9901 0.3370
vt 0.9972 0.3140
vt 0.9972 0.3140
vt 0.9901 0.3370
vt 0.9600 0.3370
vt 0.9683 0.3140
vt 0.9683 0.3140
vt 0.9600 0.3370
vt 0.9479 0.3370
vt 0.9567 0.3140
vt 0.6905 0.3140
vt 0.6925 0.3370
vt 0.6452 0.3370
vt 0.6451 0.3140
vt 0.6451 0.3140
vt 0.6452 0.3370
vt 0.5975 0.3370
vt 0.5995 0.3140
vt 0.9567 0.3140
vt 0.9479 0.3370
vt 0.9600 0.3370
vt 0.9683 0.3140
vt 0.9683 0.3140
vt 0.9600 0.3370
vt 0.9901 0.3370
vt 0.9972 0.3140
vt 0.9972 0.3140
vt 0.9901 0.3370
vt 1.3266 0.3370
vt 1.3195 0.3140
vt 1.3195 0.3140
vt 1.3266 0.3370
vt 1.3567 0.3370
vt 1.3484 0.3140
vt 1.3484 0.3140
vt 1.3567 0.3370
vt 1.3687 0.3370
vt 1.3599 0.3140
vt 0.5995 0.3140
vt 0.5975 0.3370
vt 0.6450 0.3370
vt 0.6450 0.3140
vt 0.6450 0.3370
vt 0.6450 0.5600
vt 0.6931 0.5600
vt 0.6925 0.3370
vt 1.3687 0.3370
vt 1.3714 0.5600
vt 1.3592 0.5600
vt 1.3567 0.3370
vt 1.3567 0.3370
vt 1.3592 0.5600
vt 1.3287 0.5600
vt 1.3266 0.3370
vt 1.3266 0.3370
vt 1.3287 0.5600
vt 0.9880 0.5600
vt 0.9901 0.3370
vt 0.9901 0.3370
vt 0.9880 0.5600
vt 0.9574 0.5600
vt 0.9600 0.3370
vt 0.9600 0.3370
vt 0.9574 0.5600
vt 0.9453 0.5600
vt 0.9479 0.3370
vt 0.6925 0.3370
vt 0.6931 0.5600
vt 0.6452 0.5600
vt 0.6452 0.3370
vt 0.6452 0.3370
vt 0.6452 0.5600
vt 0.5969 0.5600
vt 0.5975 0.3370
vt 0.9479 0.3370
vt 0.9453 0.5600
vt 0.9574 0.5600
vt 0.9600 0.3370
vt 0.9600 0.3370
vt 0.9574 0.5600
vt 0.9880 0.5600
vt 0.9901 0.3370
vt 0.9901 0.3370
vt 0.9880 0.5600
vt 1.3287 0.5600
vt 1.3266 0.3370
vt 1.3266 0.3370
vt 1.3287 0.5600
vt 1.3592 0.5600
vt 1.3567 0.3370
vt 1.3567 0.3370
vt 1.3592 0.5600
vt 1.3714 0.5600
vt 1.3687 0.3370
vt 0.5975 0.3370
vt 0.5969 0.5600
vt 0.6450 0.5600
vt 0.6450 0.3370
vt 0.6450 0.5600
vt 0.6450 0.7830
vt 0.6925 0.7830
vt 0.6931 0.5600
vt 1.3714 0.5600
vt 1.3687 0.7830
vt 1.3567 0.7830
vt 1.3592 0.5600
vt 1.3592 0.5600
vt 1.3567 0.7830
vt 1.3266 0.7830
vt 1.3287 0.5600
vt 1.3287 0.5600
vt 1.3266 0.7830
vt 0.9901 0.7830
vt 0.9880 0.5600
vt 0.9880 0.5600
vt 0.9901 0.7830
vt 0.9600 0.7830
vt 0.9574 0.5600
vt 0.9574 0.5600
vt 0.9600 0.7830
vt 0.9479 0.7830
vt 0.9453 0.5600
vt 0.6931 0.5600
vt 0.6925 0.7830
vt 0.6452 0.7830
vt 0.6452 0.5600
vt 0.6452 0.5600
vt 0.6452 0.7830
vt 0.5975 0.7830
vt 0.5969 0.5600
vt 0.9453 0.5600
vt 0.9479 0.7830
vt 0.9600 0.7830
vt 0.9574 0.5600
vt 0.9574 0.5600
vt 0.9600 0.7830
vt 0.9901 0.7830
vt 0.9880 0.5600
vt 0.9880 0.5600
vt 0.9901 0.7830
vt 1.3266 0.7830
vt 1.3287 0.5600
vt 1.3287 0.5600
vt 1.3266 0.7830
vt 1.3567 0.7830
vt 1.3592 0.5600
vt 1.3592 0.5600
vt 1.3567 0.7830
vt 1.3687 0.7830
vt 1.3714 0.5600
vt 0.5969 0.5600
vt 0.5975 0.7830
vt 0.6450 0.7830
vt 0.6450 0.5600
vt 0.6450 0.7830
vt 0.6450 0.8060
vt 0.6905 0.8060
vt 0.6925 0.7830
vt 1.3687 0.7830
vt 1.3599 0.8060
vt 1.3484 0.8060
vt 1.3567 0.7830
vt 1.3567 0.7830
vt 1.3484 0.8060
vt 1.3195 0.8060
vt 1.3266 0.7830
vt 1.3266 0.7830
vt 1.3195 0.8060
vt 0.9972 0.8060
vt 0.9901 0.7830
vt 0.9901 0.7830
vt 0.9972 0.8060
vt 0.9683 0.8060
vt 0.9600 0.7830
vt 0.9600 0.7830
vt 0.9683 0.8060
vt 0.9567 0.8060
vt 0.9479 0.7830
vt 0.6925 0.7830
vt 0.6905 0.8060
vt 0.6451 0.8060
vt 0.6452 0.7830
vt 0.6452 0.7830
vt 0.6451 0.8060
vt 0.5995 0.8060
vt 0.5975 0.7830
vt 0.9479 0.7830
vt 0.9567 0.8060
vt 0.9683 0.8060
vt 0.9600 0.7830
vt 0.9600 0.7830
vt 0.9683 0.8060
vt 0.9972 0.8060
vt 0.9901 0.7830
vt 0.9901 0.7830
vt 0.9972 0.8060
vt 1.3195 0.8060
vt 1.3266 0.7830
vt 1.3266 0.7830
vt 1.3195 0.8060
vt 1.3484 0.8060
vt 1.3567 0.7830
vt 1.3567 0.7830
vt 1.3484 0.8060
vt 1.3599 0.8060
vt 1.3687 0.7830
vt 0.5975 0.7830
vt 0.5995 0.8060
vt 0.6450 0.8060
vt 0.6450 0.7830
vt 1.3633 0.6450
vt 1.3441 0.6450
vt 1.3411 0.6863
vt 1.3599 0.6905
vt 1.3599 0.6905
vt 1.3411 0.6863
vt 1.3306 0.6903
vt 1.3484 0.6950
vt 1.3484 0.8060
vt 1.3306 0.8167
vt 1.3044 0.8167
vt 1.3195 0.8060
vt 1.3195 0.8060
vt 1.3044 0.8167
vt 1.0122 0.8167
vt 0.9972 0.8060
vt 0.9972 0.8060
vt 1.0122 0.8167
vt 0.9861 0.8167
vt 0.9683 0.8060
vt 0.9683 0.6950
vt 0.9861 0.6903
vt 0.9756 0.6863
vt 0.9567 0.6905
vt 0.9567 0.6905
vt 0.9756 0.6863
vt 0.9725 0.6451
vt 0.9534 0.6451
vt 0.9534 0.6451
vt 0.9725 0.6451
vt 0.9756 0.6037
vt 0.9567 0.5995
vt 0.9567 0.5995
vt 0.9756 0.6037
vt 0.9861 0.5997
vt 0.9683 0.5950
vt 0.9683 0.8060
vt 0.9861 0.8167
vt 1.0122 0.8167
vt 0.9972 0.8060
vt 0.9972 0.8060
vt 1.0122 0.8167
vt 1.3044 0.8167
vt 1.3195 0.8060
vt 1.3195 0.8060
vt 1.3044 0.8167
vt 1.3306 0.8167
vt 1.3484 0.8060
vt 1.3484 0.5950
vt 1.3306 0.5997
vt 1.3411 0.6037
vt 1.3599 0.5995
vt 1.3599 0.5995
vt 1.3411 0.6037
vt 1.3441 0.6450
vt 1.3633 0.6450
vt 1.3441 0.6450
vt 1.1589 0.6450
vt 1.1589 0.6451
vt 1.3411 0.6863
vt 1.3411 0.6863
vt 1.1589 0.6451
vt 1.1588 0.6451
vt 1.3306 0.6903
vt 1.3306 0.6903
vt 1.1588 0.6451
vt 1.1588 0.6451
vt 1.3044 0.6920
vt 1.3044 0.6920
vt 1.1588 0.6451
vt 1.1579 0.6451
vt 1.0122 0.6920
vt 1.0122 0.6920
vt 1.1579 0.6451
vt 1.1578 0.6451
vt 0.9861 0.6903
vt 0.9861 0.6903
vt 1.1578 0.6451
vt 1.1578 0.6451
vt 0.9756 0.6863
vt 0.9756 0.6863
vt 1.1578 0.6451
vt 1.1578 0.6450
vt 0.9725 0.6451
vt 0.9725 0.6451
vt 1.1578 0.6450
vt 1.1578 0.6449
vt 0.9756 0.6037
vt 0.9756 0.6037
vt 1.1578 0.6449
vt 1.1578 0.6449
vt 0.9861 0.5997
vt 0.9861 0.5997
vt 1.1578 0.6449
vt 1.1579 0.6449
vt 1.0122 0.5980
vt 1.0122 0.5980
vt 1.1579 0.6449
vt 1.1588 0.6449
vt 1.3044 0.5980
vt 1.3044 0.5980
vt 1.1588 0.6449
vt 1.1588 0.6449
vt 1.3306 0.5997
vt 1.3306 0.5997
vt 1.1588 0.6449
vt 1.1589 0.6449
vt 1.3411 0.6037
vt 1.3411 0.6037
vt 1.1589 0.6449
vt 1.1589 0.6450
vt 1.3441 0.6450
f 941/3369 955/3370 956/3371 942/3372
f 942/3373 956/3374 957/3375 943/3376
f 943/3377 957/3378 958/3379 944/3380
f 944/3381 958/3382 959/3383 945/3384
f 945/3385 959/3386 960/3387 946/3388
f 946/3389 960/3390 961/3391 947/3392
f 947/3393 961/3394 962/3395 948/3396
f 948/3397 962/3398 963/3399 949/3400
f 949/3401 963/3402 964/3403 950/3404
f 950/3405 964/3406 965/3407 951/3408
f 951/3409 965/3410 966/3411 952/3412
f 952/3413 966/3414 967/3415 953/3416
f 953/3417 967/3418 968/3419 954/3420
f 954/3421 968/3422 955/3423 941/3424
f 955/3425 969/3426 970/3427 956/3428
f 956/3429 970/3430 971/3431 957/3432
f 957/3433 971/3434 972/3435 958/3436
f 958/3437 972/3438 973/3439 959/3440
f 959/3441 973/3442 974/3443 960/3444
f 960/3445 974/3446 975/3447 961/3448
f 961/3449 975/3450 976/3451 962/3452
f 962/3453 976/3454 977/3455 963/3456
f 963/3457 977/3458 978/3459 964/3460
f 964/3461 978/3462 979/3463 965/3464
f 965/3465 979/3466 980/3467 966/3468
f 966/3469 980/3470 981/3471 967/3472
f 967/3473 981/3474 982/3475 968/3476
f 968/3477 982/3478 969/3479 955/3480
f 969/3481 983/3482 984/3483 970/3484
f 970/3485 984/3486 985/3487 971/3488
f 971/3489 985/3490 986/3491 972/3492
f 972/3493 986/3494 987/3495 973/3496
f 973/3497 987/3498 988/3499 974/3500
f 974/3501 988/3502 989/3503 975/3504
f 975/3505 989/3506 990/3507 976/3508
f 976/3509 990/3510 991/3511 977/3512
f 977/3513 991/3514 992/3515 978/3516
f 978/3517 992/3518 993/3519 979/3520
f 979/3521 993/3522 994/3523 980/3524
f 980/3525 994/3526 995/3527 981/3528
f 981/3529 995/3530 996/3531 982/3532
f 982/3533 996/3534 983/3535 969/3536
f 983/3537 997/3538 998/3539 984/3540
f 984/3541 998/3542 999/3543 985/3544
f 985/3545 999/3546 1000/3547 986/3548
f 986/3549 1000/3550 1001/3551 987/3552
f 987/3553 1001/3554 1002/3555 988/3556
f 988/3557 1002/3558 1003/3559 989/3560
f 989/3561 1003/3562 1004/3563 990/3564
f 990/3565 1004/3566 1005/3567 991/3568
f 991/3569 1005/3570 1006/3571 992/3572
f 992/3573 1006/3574 1007/3575 993/3576
f 993/3577 1007/3578 1008/3579 994/3580
f 994/3581 1008/3582 1009/3583 995/3584
f 995/3585 1009/3586 1010/3587 996/3588
f 996/3589 1010/3590 997/3591 983/3592
f 997/3593 1011/3594 1012/3595 998/3596
f 998/3597 1012/3598 1013/3599 999/3600
f 999/3601 1013/3602 1014/3603 1000/3604
f 1000/3605 1014/3606 1015/3607 1001/3608
f 1001/3609 1015/3610 1016/3611 1002/3612
f 1002/3613 1016/3614 1017/3615 1003/3616
f 1003/3617 1017/3618 1018/3619 1004/3620
f 1004/3621 1018/3622 1019/3623 1005/3624
f 1005/3625 1019/3626 1020/3627 1006/3628
f 1006/3629 1020/3630 1021/3631 1007/3632
f 1007/3633 1021/3634 1022/3635 1008/3636
f 1008/3637 1022/3638 1023/3639 1009/3640
f 1009/3641 1023/3642 1024/3643 1010/3644
f 1010/3645 1024/3646 1011/3647 997/3648
f 1011/3649 1025/3650 1026/3651 1012/3652
f 1012/3653 1026/3654 1027/3655 1013/3656
f 1013/3657 1027/3658 1028/3659 1014/3660
f 1014/3661 1028/3662 1029/3663 1015/3664
f 1015/3665 1029/3666 1030/3667 1016/3668
f 1016/3669 1030/3670 1031/3671 1017/3672
f 1017/3673 1031/3674 1032/3675 1018/3676
f 1018/3677 1032/3678 1033/3679 1019/3680
f 1019/3681 1033/3682 1034/3683 1020/3684
f 1020/3685 1034/3686 1035/3687 1021/3688
f 1021/3689 1035/3690 1036/3691 1022/3692
f 1022/3693 1036/3694 1037/3695 1023/3696
f 1023/3697 1037/3698 1038/3699 1024/3700
f 1024/3701 1038/3702 1025/3703 1011/3704
f 1025/3705 1039/3706 1040/3707 1026/3708
f 1026/3709 1040/3710 1041/3711 1027/3712
f 1027/3713 1041/3714 1042/3715 1028/3716
f 1028/3717 1042/3718 1043/3719 1029/3720
f 1029/3721 1043/3722 1044/3723 1030/3724
f 1030/3725 1044/3726 1045/3727 1031/3728
f 1031/3729 1045/3730 1046/3731 1032/3732
f 1032/3733 1046/3734 1047/3735 1033/3736
f 1033/3737 1047/3738 1048/3739 1034/3740
f 1034/3741 1048/3742 1049/3743 1035/3744
f 1035/3745 1049/3746 1050/3747 1036/3748
f 1036/3749 1050/3750 1051/3751 1037/3752
f 1037/3753 1051/3754 1052/3755 1038/3756
f 1038/3757 1052/3758 1039/3759 1025/3760
f 1039/3761 1053/3762 1054/3763 1040/3764
f 1040/3765 1054/3766 1055/3767 1041/3768
f 1041/3769 1055/3770 1056/3771 1042/3772
f 1042/3773 1056/3774 1057/3775 1043/3776
f 1043/3777 1057/3778 1058/3779 1044/3780
f 1044/3781 1058/3782 1059/3783 1045/3784
f 1045/3785 1059/3786 1060/3787 1046/3788
f 1046/3789 1060/3790 1061/3791 1047/3792
f 1047/3793 1061/3794 1062/3795 1048/3796
f 1048/3797 1062/3798 1063/3799 1049/3800
f 1049/3801 1063/3802 1064/3803 1050/3804
f 1050/3805 1064/3806 1065/3807 1051/3808
f 1051/3809 1065/3810 1066/3811 1052/3812
f 1052/3813 1066/3814 1053/3815 1039/3816
o Bench_Storage_3
v 0.9583 0.0600 0.3200
v 1.3583 0.0600 0.3200
v 1.3583 0.2900 0.3200
v 0.9583 0.2900 0.3200
v 0.9583 0.0600 0.6600
v 1.3583 0.0600 0.6600
v 1.3583 0.2900 0.6600
v 0.9583 0.2900 0.6600
vt 0.9583 0.2900
vt 1.3583 0.2900
vt 1.3583 0.0600
vt 0.9583 0.0600
vt 0.9583 0.0600
vt 1.3583 0.0600
vt 1.3583 0.2900
vt 0.9583 0.2900
vt 0.9583 0.3200
vt 1.3583 0.3200
vt 1.3583 0.6600
vt 0.9583 0.6600
vt 1.3583 0.3200
vt 0.9583 0.3200
vt 0.9583 0.6600
vt 1.3583 0.6600
vt 0.3200 0.0600
vt 0.3200 0.2900
vt 0.6600 0.2900
vt 0.6600 0.0600
vt 0.6600 0.0600
vt 0.6600 0.2900
vt 0.3200 0.2900
vt 0.3200 0.0600
f 1070/3817 1069/3818 1068/3819 1067/3820
f 1071/3821 1072/3822 1073/3823 1074/3824
f 1067/3825 1068/3826 1072/3827 1071/3828
f 1069/3829 1070/3830 1074/3831 1073/3832
f 1068/3833 1069/3834 1073/3835 1072/3836
f 1071/3837 1074/3838 1070/3839 1067/3840
o Bench_StorageDoor_3
v 0.9583 0.0700 0.2950
v 1.3583 0.0700 0.2950
v 1.3583 0.2800 0.2950
v 0.9583 0.2800 0.2950
v 0.9583 0.0700 0.3200
v 1.3583 0.0700 0.3200
v 1.3583 0.2800 0.3200
v 0.9583 0.2800 0.3200
vt 0.9583 0.2800
vt 1.3583 0.2800
vt 1.3583 0.0700
vt 0.9583 0.0700
vt 0.9583 0.0700
vt 1.3583 0.0700
vt 1.3583 0.2800
vt 0.9583 0.2800
vt 0.9583 0.2950
vt 1.3583 0.2950
vt 1.3583 0.3200
vt 0.9583 0.3200
vt 1.3583 0.2950
vt 0.9583 0.2950
vt 0.9583 0.3200
vt 1.3583 0.3200
vt 0.2950 0.0700
vt 0.2950 0.2800
vt 0.3200 0.2800
vt 0.3200 0.0700
vt 0.3200 0.0700
vt 0.3200 0.2800
vt 0.2950 0.2800
vt 0.2950 0.0700
f 1078/3841 1077/3842 1076/3843 1075/3844
f 1079/3845 1080/3846 1081/3847 1082/3848
f 1075/3849 1076/3850 1080/3851 1079/3852
f 1077/3853 1078/3854 1082/3855 1081/3856
f 1076/3857 1077/3858 1081/3859 1080/3860
f 1079/3861 1082/3862 1078/3863 1075/3864
